iso3,country,region,income_group,year,unit,fold,model,y,pred,abs_error,signed_error,true_deficit,pred_deficit,target_quartile
ASM,American Samoa,E. Asia & Pacific,High income,2013,PT_POP,1,linear,100.0,85.00826827527227,14.991731724727728,-14.991731724727728,0.0,14.991731724727728,Q4_highest_coverage
AUS,Australia,E. Asia & Pacific,High income,2018,PT_POP,1,linear,98.0,96.82640323800388,1.173596761996123,-1.173596761996123,2.0,3.173596761996123,Q4_highest_coverage
FSM,"Micronesia, Fed. Sts.",E. Asia & Pacific,Upper middle income,2023,PT_MSW,1,linear,35.510000000000005,45.25264594142169,9.742645941421685,9.742645941421685,64.49,54.74735405857831,Q1_lowest_coverage
GUM,Guam,E. Asia & Pacific,High income,2014,PT_POP,1,linear,100.0,85.48214806080736,14.517851939192639,-14.517851939192639,0.0,14.517851939192639,Q4_highest_coverage
HKG,"Hong Kong SAR, China",E. Asia & Pacific,High income,2013,PT_POP,1,linear,100.0,100.0,0.0,0.0,0.0,0.0,Q4_highest_coverage
IDN,Indonesia,E. Asia & Pacific,Upper middle income,2023,PT_MSW,1,linear,62.53,68.16225715473416,5.632257154734162,5.632257154734162,37.47,31.837742845265836,Q2
JPN,Japan,E. Asia & Pacific,High income,2022,PT_MSW,1,linear,99.99,100.0,0.010000000000005116,0.010000000000005116,0.010000000000005116,0.0,Q4_highest_coverage
KHM,Cambodia,E. Asia & Pacific,Lower middle income,2021,PT_MSW,1,linear,54.0,51.28453853930908,2.7154614606909178,-2.7154614606909178,46.0,48.71546146069092,Q2
KIR,Kiribati,E. Asia & Pacific,Lower middle income,2021,PT_MSW,1,linear,53.06999999999999,46.47892560361312,6.5910743963868725,-6.5910743963868725,46.93000000000001,53.52107439638688,Q1_lowest_coverage
KOR,"Korea, Rep.",E. Asia & Pacific,High income,2022,PT_POP,1,linear,99.9734745102489,100.0,0.026525489751094256,0.026525489751094256,0.026525489751094256,0.0,Q4_highest_coverage
LAO,Lao PDR,E. Asia & Pacific,Lower middle income,2020,PT_MSW,1,linear,55.00000000000001,54.39518804194425,0.6048119580557554,-0.6048119580557554,44.99999999999999,45.60481195805575,Q2
MAC,"Macao SAR, China",E. Asia & Pacific,High income,2009,PT_POP,1,linear,100.0,100.0,0.0,0.0,0.0,0.0,Q4_highest_coverage
MHL,Marshall Islands,E. Asia & Pacific,Upper middle income,2021,PT_POP,1,linear,82.69999999999999,67.62872543932505,15.071274560674937,-15.071274560674937,17.30000000000001,32.37127456067495,Q3
MMR,Myanmar,E. Asia & Pacific,Lower middle income,2019,PT_MSW,1,linear,83.0,49.0648324189112,33.9351675810888,-33.9351675810888,17.0,50.9351675810888,Q3
MNG,Mongolia,E. Asia & Pacific,Upper middle income,2019,PT_MSW,1,linear,88.01390819103851,69.23537553104188,18.77853265999663,-18.77853265999663,11.98609180896149,30.764624468958118,Q3
NCL,New Caledonia,E. Asia & Pacific,High income,2014,PT_POP,1,linear,67.0,74.28528840939707,7.285288409397069,7.285288409397069,33.0,25.71471159060293,Q2
NRU,Nauru,E. Asia & Pacific,High income,2020,PT_MSW,1,linear,86.0,84.95093971494494,1.049060285055063,-1.049060285055063,14.0,15.049060285055063,Q3
NZL,New Zealand,E. Asia & Pacific,High income,2022,PT_MSW,1,linear,100.0,98.34307990618848,1.6569200938115216,-1.6569200938115216,0.0,1.6569200938115216,Q4_highest_coverage
PHL,Philippines,E. Asia & Pacific,Upper middle income,2025,PT_MSW,1,linear,54.98,62.36338777728383,7.383387777283836,7.383387777283836,45.02,37.63661222271617,Q2
PLW,Palau,E. Asia & Pacific,High income,2017,PT_MSW,1,linear,90.8,86.68489391746263,4.115106082537366,-4.115106082537366,9.200000000000003,13.315106082537369,Q3
PNG,Papua New Guinea,E. Asia & Pacific,Lower middle income,2021,PT_MSW,1,linear,12.33,35.64372446771736,23.313724467717364,23.313724467717364,87.67,64.35627553228264,Q1_lowest_coverage
PYF,French Polynesia,E. Asia & Pacific,High income,2015,PT_POP,1,linear,76.0,76.76752999279655,0.767529992796554,0.767529992796554,24.0,23.232470007203446,Q2
SGP,Singapore,E. Asia & Pacific,High income,2021,PT_MSW,1,linear,100.0,100.0,0.0,0.0,0.0,0.0,Q4_highest_coverage
SLB,Solomon Islands,E. Asia & Pacific,Lower middle income,2014,PT_POP,1,linear,12.0,32.474221700849284,20.474221700849284,20.474221700849284,88.0,67.52577829915072,Q1_lowest_coverage
THA,Thailand,E. Asia & Pacific,Upper middle income,2023,PT_MSW,1,linear,72.28200371057511,78.5368196087798,6.254815898204683,6.254815898204683,27.71799628942489,21.463180391220206,Q2
TON,Tonga,E. Asia & Pacific,Upper middle income,2021,PT_MSW,1,linear,90.54,56.759973774868165,33.78002622513184,-33.78002622513184,9.459999999999994,43.240026225131835,Q3
TUV,Tuvalu,E. Asia & Pacific,Upper middle income,2019,PT_MSW,1,linear,94.69,63.18741676698296,31.502583233017035,-31.502583233017035,5.310000000000002,36.81258323301704,Q3
VNM,Viet Nam,E. Asia & Pacific,Upper middle income,2019,PT_POP,1,linear,75.0,63.37683994752808,11.623160052471917,-11.623160052471917,25.0,36.62316005247192,Q2
VUT,Vanuatu,E. Asia & Pacific,Lower middle income,2020,PT_MSW,1,linear,41.89,39.44705248804044,2.4429475119595594,-2.4429475119595594,58.11,60.55294751195956,Q1_lowest_coverage
WSM,Samoa,E. Asia & Pacific,Upper middle income,2017,PT_MSW,1,linear,29.56,54.21121692628845,24.651216926288452,24.651216926288452,70.44,45.78878307371155,Q1_lowest_coverage
ALB,Albania,Eur. & Cent. Asia,Upper middle income,2022,PT_POP,2,linear,89.2,77.6368679800598,11.563132019940198,-11.563132019940198,10.799999999999997,22.363132019940196,Q3
AND,Andorra,Eur. & Cent. Asia,High income,2021,PT_POP,2,linear,100.0,100.0,0.0,0.0,0.0,0.0,Q4_highest_coverage
ARM,Armenia,Eur. & Cent. Asia,Upper middle income,2021,PT_POP,2,linear,96.3,75.90851789597004,20.39148210402996,-20.39148210402996,3.700000000000003,24.091482104029964,Q3
AZE,Azerbaijan,Eur. & Cent. Asia,Upper middle income,2020,PT_MSW,2,linear,68.0,75.30260017535703,7.302600175357028,7.302600175357028,32.0,24.69739982464297,Q2
BGR,Bulgaria,Eur. & Cent. Asia,High income,2018,PT_POP,2,linear,99.8,85.74012760565282,14.059872394347181,-14.059872394347181,0.20000000000000284,14.259872394347184,Q4_highest_coverage
BIH,Bosnia and Herzegovina,Eur. & Cent. Asia,Upper middle income,2021,PT_MSW,2,linear,76.52316,73.90435048327704,2.618809516722962,-2.618809516722962,23.476839999999996,26.095649516722958,Q2
BLR,Belarus,Eur. & Cent. Asia,Upper middle income,2021,PT_POP,2,linear,100.0,85.97285642778283,14.02714357221717,-14.02714357221717,0.0,14.02714357221717,Q4_highest_coverage
DNK,Denmark,Eur. & Cent. Asia,High income,2022,PT_MSW,2,linear,100.0,100.0,0.0,0.0,0.0,0.0,Q4_highest_coverage
GEO,Georgia,Eur. & Cent. Asia,Upper middle income,2019,PT_MSW,2,linear,87.88,75.66083814830638,12.219161851693613,-12.219161851693613,12.120000000000005,24.339161851693618,Q3
GRC,Greece,Eur. & Cent. Asia,High income,2018,PT_POP,2,linear,96.0,89.25517982967816,6.744820170321844,-6.744820170321844,4.0,10.744820170321844,Q3
HRV,Croatia,Eur. & Cent. Asia,High income,2022,PT_POP,2,linear,99.5,88.99641203924176,10.503587960758239,-10.503587960758239,0.5,11.003587960758239,Q4_highest_coverage
ISL,Iceland,Eur. & Cent. Asia,High income,2013,PT_POP,2,linear,100.0,100.0,0.0,0.0,0.0,0.0,Q4_highest_coverage
KAZ,Kazakhstan,Eur. & Cent. Asia,Upper middle income,2021,PT_POP,2,linear,82.0,81.68553020577968,0.3144697942203152,-0.3144697942203152,18.0,18.314469794220315,Q3
KGZ,Kyrgyz Republic,Eur. & Cent. Asia,Lower middle income,2022,PT_MSW,2,linear,47.0,48.86603380329427,1.8660338032942718,1.8660338032942718,53.0,51.13396619670573,Q1_lowest_coverage
LIE,Liechtenstein,Eur. & Cent. Asia,High income,2021,PT_POP,2,linear,100.0,66.23341290843204,33.766587091567956,-33.766587091567956,0.0,33.766587091567956,Q4_highest_coverage
LTU,Lithuania,Eur. & Cent. Asia,High income,2019,PT_POP,2,linear,99.0,93.1056906547946,5.8943093452054,-5.8943093452054,1.0,6.8943093452054,Q4_highest_coverage
LUX,Luxembourg,Eur. & Cent. Asia,High income,2017,PT_POP,2,linear,100.0,100.0,0.0,0.0,0.0,0.0,Q4_highest_coverage
MCO,Monaco,Eur. & Cent. Asia,High income,2017,PT_POP,2,linear,100.0,92.2459583707354,7.754041629264606,-7.754041629264606,0.0,7.754041629264606,Q4_highest_coverage
MKD,North Macedonia,Eur. & Cent. Asia,Upper middle income,2011,PT_POP,2,linear,77.0,75.90243752678607,1.0975624732139266,-1.0975624732139266,23.0,24.097562473213927,Q2
MNE,Montenegro,Eur. & Cent. Asia,Upper middle income,2021,PT_POP,2,linear,87.6,84.83220192371117,2.767798076288827,-2.767798076288827,12.400000000000006,15.167798076288832,Q3
ROU,Romania,Eur. & Cent. Asia,High income,2021,PT_POP,2,linear,95.24,84.07391736380934,11.166082636190652,-11.166082636190652,4.760000000000005,15.926082636190657,Q3
SRB,Serbia,Eur. & Cent. Asia,Upper middle income,2021,PT_MSW,2,linear,88.0,79.91702129399562,8.082978706004383,-8.082978706004383,12.0,20.082978706004383,Q3
SVN,Slovenia,Eur. & Cent. Asia,High income,2022,PT_MSW,2,linear,98.23,92.95980176465488,5.27019823534512,-5.27019823534512,1.769999999999996,7.040198235345116,Q4_highest_coverage
SWE,Sweden,Eur. & Cent. Asia,High income,2022,PT_MSW,2,linear,100.0,100.0,0.0,0.0,0.0,0.0,Q4_highest_coverage
TJK,Tajikistan,Eur. & Cent. Asia,Lower middle income,2018,PT_MSW,2,linear,38.0,36.84073858821926,1.15926141178074,-1.15926141178074,62.0,63.15926141178074,Q1_lowest_coverage
TKM,Turkmenistan,Eur. & Cent. Asia,Upper middle income,2017,PT_MSW,2,linear,50.0,65.61758623590907,15.617586235909073,15.617586235909073,50.0,34.38241376409093,Q1_lowest_coverage
TUR,Turkiye,Eur. & Cent. Asia,Upper middle income,2022,PT_POP,2,linear,99.4,89.07896726026542,10.32103273973459,-10.32103273973459,0.5999999999999943,10.921032739734585,Q4_highest_coverage
UKR,Ukraine,Eur. & Cent. Asia,Upper middle income,2019,PT_POP,2,linear,78.0,73.60158960921801,4.39841039078199,-4.39841039078199,22.0,26.39841039078199,Q2
UZB,Uzbekistan,Eur. & Cent. Asia,Lower middle income,2022,PT_POP,2,linear,86.06,59.61383253889267,26.44616746110733,-26.44616746110733,13.939999999999998,40.38616746110733,Q3
XKX,Kosovo,Eur. & Cent. Asia,Upper middle income,2021,PT_HH,2,linear,90.02,67.44695197516235,22.573048024837647,-22.573048024837647,9.980000000000004,32.55304802483765,Q3
ABW,Aruba,L. Amer. & the Caribbean,High income,2019,PT_MSW,3,linear,96.0,97.56900101195768,1.5690010119576812,1.5690010119576812,4.0,2.430998988042319,Q3
ARG,Argentina,L. Amer. & the Caribbean,Upper middle income,2021,PT_MSW,3,linear,98.0,83.9171210240407,14.082878975959304,-14.082878975959304,2.0,16.082878975959304,Q4_highest_coverage
ATG,Antigua and Barbuda,L. Amer. & the Caribbean,High income,2012,PT_POP,3,linear,99.0,80.30407758985248,18.695922410147517,-18.695922410147517,1.0,19.695922410147517,Q4_highest_coverage
BHS,"Bahamas, The",L. Amer. & the Caribbean,High income,2021,PT_MSW,3,linear,79.0,91.96111261455786,12.961112614557862,12.961112614557862,21.0,8.038887385442138,Q2
BLZ,Belize,L. Amer. & the Caribbean,Upper middle income,2021,PT_MSW,3,linear,72.77,64.94624090248774,7.8237590975122515,-7.8237590975122515,27.230000000000004,35.053759097512255,Q2
BOL,Bolivia,L. Amer. & the Caribbean,Lower middle income,2021,PT_MSW,3,linear,70.14,65.28625504542319,4.853744954576811,-4.853744954576811,29.86,34.71374495457681,Q2
BRA,Brazil,L. Amer. & the Caribbean,Upper middle income,2022,PT_MSW,3,linear,93.0,75.26605805565092,17.733941944349084,-17.733941944349084,7.0,24.733941944349084,Q3
BRB,Barbados,L. Amer. & the Caribbean,High income,2021,PT_MSW,3,linear,90.0,81.50997923649177,8.490020763508227,-8.490020763508227,10.0,18.490020763508227,Q3
CHL,Chile,L. Amer. & the Caribbean,High income,2021,PT_MSW,3,linear,96.0,86.64715748605184,9.352842513948161,-9.352842513948161,4.0,13.352842513948161,Q3
COL,Colombia,L. Amer. & the Caribbean,Upper middle income,2021,PT_MSW,3,linear,82.52000000000001,74.70285503304119,7.817144966958821,-7.817144966958821,17.47999999999999,25.29714496695881,Q3
CRI,Costa Rica,L. Amer. & the Caribbean,High income,2021,PT_MSW,3,linear,88.85,84.6106602837178,4.239339716282188,-4.239339716282188,11.150000000000006,15.389339716282194,Q3
CUB,Cuba,L. Amer. & the Caribbean,Upper middle income,2022,PT_POP,3,linear,77.10000000000001,71.7467761303623,5.353223869637702,-5.353223869637702,22.89999999999999,28.253223869637694,Q2
DMA,Dominica,L. Amer. & the Caribbean,Upper middle income,2021,PT_POP,3,linear,100.0,81.51030667854013,18.489693321459868,-18.489693321459868,0.0,18.489693321459868,Q4_highest_coverage
DOM,Dominican Republic,L. Amer. & the Caribbean,Upper middle income,2021,PT_MSW,3,linear,89.58,82.08016799312645,7.499832006873547,-7.499832006873547,10.420000000000002,17.91983200687355,Q3
ECU,Ecuador,L. Amer. & the Caribbean,Upper middle income,2021,PT_MSW,3,linear,80.9,68.98492433968329,11.915075660316717,-11.915075660316717,19.099999999999994,31.01507566031671,Q3
GRD,Grenada,L. Amer. & the Caribbean,Upper middle income,2011,PT_HH,3,linear,98.3,71.62920980678147,26.670790193218522,-26.670790193218522,1.7000000000000028,28.370790193218525,Q4_highest_coverage
GTM,Guatemala,L. Amer. & the Caribbean,Upper middle income,2021,PT_MSW,3,linear,41.8,66.0001053985285,24.200105398528507,24.200105398528507,58.2,33.999894601471496,Q1_lowest_coverage
GUY,Guyana,L. Amer. & the Caribbean,High income,2021,PT_MSW,3,linear,55.00000000000001,70.30151956901177,15.301519569011766,15.301519569011766,44.99999999999999,29.698480430988226,Q2
HND,Honduras,L. Amer. & the Caribbean,Lower middle income,2021,PT_MSW,3,linear,52.61,55.09022998154999,2.4802299815499893,2.4802299815499893,47.39,44.90977001845001,Q1_lowest_coverage
HTI,Haiti,L. Amer. & the Caribbean,Lower middle income,2021,PT_MSW,3,linear,43.0,44.05425539872638,1.054255398726383,1.054255398726383,57.0,55.94574460127362,Q1_lowest_coverage
JAM,Jamaica,L. Amer. & the Caribbean,Upper middle income,2017,PT_POP,3,linear,53.8,67.0298387733086,13.2298387733086,13.2298387733086,46.2,32.9701612266914,Q2
KNA,St. Kitts and Nevis,L. Amer. & the Caribbean,High income,2003,PT_POP,3,linear,95.0,78.11366149460716,16.886338505392843,-16.886338505392843,5.0,21.886338505392843,Q3
LCA,St. Lucia,L. Amer. & the Caribbean,Upper middle income,2010,PT_HH,3,linear,96.8,74.57456314114987,22.22543685885013,-22.22543685885013,3.200000000000003,25.425436858850134,Q3
MEX,Mexico,L. Amer. & the Caribbean,Upper middle income,2017,PT_MSW,3,linear,83.87,77.922231402359,5.9477685976410015,-5.9477685976410015,16.129999999999995,22.077768597640997,Q3
NIC,Nicaragua,L. Amer. & the Caribbean,Lower middle income,2021,PT_MSW,3,linear,58.13,57.71425029348376,0.41574970651624454,-0.41574970651624454,41.87,42.28574970651624,Q2
PAN,Panama,L. Amer. & the Caribbean,High income,2021,PT_MSW,3,linear,64.2,85.75778700435227,21.557787004352264,21.557787004352264,35.8,14.242212995647733,Q2
PER,Peru,L. Amer. & the Caribbean,Upper middle income,2016,PT_MSW,3,linear,94.17,72.58543712929165,21.584562870708353,-21.584562870708353,5.829999999999998,27.41456287070835,Q3
PRY,Paraguay,L. Amer. & the Caribbean,Upper middle income,2021,PT_MSW,3,linear,57.95,71.53596099057101,13.58596099057101,13.58596099057101,42.05,28.464039009428987,Q2
SLV,El Salvador,L. Amer. & the Caribbean,Upper middle income,2020,PT_MSW,3,linear,71.0,68.78858859044128,2.211411409558721,-2.211411409558721,29.0,31.21141140955872,Q2
SUR,Suriname,L. Amer. & the Caribbean,Upper middle income,2021,PT_MSW,3,linear,100.0,75.7318985722538,24.268101427746203,-24.268101427746203,0.0,24.268101427746203,Q4_highest_coverage
TTO,Trinidad and Tobago,L. Amer. & the Caribbean,High income,2021,PT_MSW,3,linear,95.03,86.51598504014619,8.51401495985381,-8.51401495985381,4.969999999999999,13.484014959853809,Q3
URY,Uruguay,L. Amer. & the Caribbean,High income,2021,PT_MSW,3,linear,100.0,90.30775994884604,9.69224005115396,-9.69224005115396,0.0,9.69224005115396,Q4_highest_coverage
VEN,"Venezuela, RB",L. Amer. & the Caribbean,Lower middle income,2021,PT_MSW,3,linear,78.11,71.52230741871881,6.587692581281189,-6.587692581281189,21.89,28.47769258128119,Q2
VGB,British Virgin Islands,L. Amer. & the Caribbean,High income,2001,PT_POP,3,linear,97.2,72.59777255032044,24.60222744967956,-24.60222744967956,2.799999999999997,27.402227449679557,Q3
ARE,United Arab Emirates,Mid. East & N. Africa,High income,2016,PT_MSW,4,linear,99.9,100.0,0.09999999999999432,0.09999999999999432,0.09999999999999432,0.0,Q4_highest_coverage
BHR,Bahrain,Mid. East & N. Africa,High income,2022,PT_POP,4,linear,100.0,100.0,0.0,0.0,0.0,0.0,Q4_highest_coverage
DJI,Djibouti,Mid. East & N. Africa,Lower middle income,2017,PT_POP,4,linear,77.60000000000001,55.57121832078866,22.02878167921135,-22.02878167921135,22.39999999999999,44.42878167921134,Q2
DZA,Algeria,Mid. East & N. Africa,Upper middle income,2015,PT_POP,4,linear,85.0,69.11496700112124,15.885032998878756,-15.885032998878756,15.0,30.885032998878756,Q3
EGY,"Egypt, Arab Rep.",Mid. East & N. Africa,Lower middle income,2016,PT_MSW,4,linear,65.0,64.42731327078224,0.5726867292177644,-0.5726867292177644,35.0,35.572686729217764,Q2
IRQ,Iraq,Mid. East & N. Africa,Upper middle income,2019,PT_MSW,4,linear,58.7,71.0409172685935,12.3409172685935,12.3409172685935,41.3,28.959082731406497,Q2
JOR,Jordan,Mid. East & N. Africa,Upper middle income,2016,PT_MSW,4,linear,84.2,68.55818861201566,15.641811387984347,-15.641811387984347,15.799999999999997,31.441811387984345,Q3
KWT,Kuwait,Mid. East & N. Africa,High income,2023,PT_POP,4,linear,100.0,100.0,0.0,0.0,0.0,0.0,Q4_highest_coverage
LBN,Lebanon,Mid. East & N. Africa,Lower middle income,2016,PT_MSW,4,linear,99.9,80.18185156882869,19.718148431171315,-19.718148431171315,0.09999999999999432,19.81814843117131,Q4_highest_coverage
MAR,Morocco,Mid. East & N. Africa,Lower middle income,2021,PT_MSW,4,linear,96.0,58.88403671431131,37.11596328568869,-37.11596328568869,4.0,41.11596328568869,Q3
MLT,Malta,Mid. East & N. Africa,High income,2022,PT_HH,4,linear,100.0,100.0,0.0,0.0,0.0,0.0,Q4_highest_coverage
OMN,Oman,Mid. East & N. Africa,High income,2021,PT_POP,4,linear,100.0,92.79547890820167,7.204521091798327,-7.204521091798327,0.0,7.204521091798327,Q4_highest_coverage
QAT,Qatar,Mid. East & N. Africa,High income,2020,PT_MSW,4,linear,100.0,100.0,0.0,0.0,0.0,0.0,Q4_highest_coverage
SAU,Saudi Arabia,Mid. East & N. Africa,High income,2016,PT_MSW,4,linear,100.0,98.00177632543348,1.9982236745665176,-1.9982236745665176,0.0,1.9982236745665176,Q4_highest_coverage
SYR,Syrian Arab Republic,Mid. East & N. Africa,Low income,2016,PT_MSW,4,linear,72.5,51.37681457796532,21.12318542203468,-21.12318542203468,27.5,48.62318542203468,Q2
TUN,Tunisia,Mid. East & N. Africa,Lower middle income,2020,PT_MSW,4,linear,80.0,68.16734356495452,11.832656435045479,-11.832656435045479,20.0,31.83265643504548,Q2
YEM,"Yemen, Rep.",Mid. East & N. Africa,Low income,2016,PT_MSW,4,linear,17.7,64.62012245221193,46.92012245221193,46.92012245221193,82.3,35.37987754778807,Q1_lowest_coverage
BMU,Bermuda,N. Amer.,High income,2019,PT_POP,5,linear,100.0,100.0,0.0,0.0,0.0,0.0,Q4_highest_coverage
USA,United States,N. Amer.,High income,2005,PT_POP,5,linear,100.0,94.3856127136674,5.614387286332601,-5.614387286332601,0.0,5.614387286332601,Q4_highest_coverage
AFG,Afghanistan,S. Asia,Low income,2017,PT_MSW,6,linear,59.2,29.850731175107317,29.349268824892686,-29.349268824892686,40.8,70.14926882489269,Q2
BGD,Bangladesh,S. Asia,Lower middle income,2021,PT_MSW,6,linear,80.63,46.806297777197415,33.82370222280258,-33.82370222280258,19.370000000000005,53.193702222802585,Q3
BTN,Bhutan,S. Asia,Lower middle income,2019,PT_MSW,6,linear,67.1738591103542,70.66917875863888,3.495319648284678,3.495319648284678,32.8261408896458,29.33082124136112,Q2
IND,India,S. Asia,Lower middle income,2020,PT_MSW,6,linear,95.44,41.61587921727877,53.82412078272123,-53.82412078272123,4.560000000000002,58.38412078272123,Q3
LKA,Sri Lanka,S. Asia,Upper middle income,2021,PT_MSW,6,linear,47.35,60.21004926226406,12.860049262264056,12.860049262264056,52.65,39.78995073773594,Q1_lowest_coverage
MDV,Maldives,S. Asia,Upper middle income,2016,PT_MSW,6,linear,79.0,79.33322823693793,0.33322823693792714,0.33322823693792714,21.0,20.666771763062073,Q2
NPL,Nepal,S. Asia,Lower middle income,2013,PT_MSW,6,linear,62.3,42.55090483961715,19.74909516038285,-19.74909516038285,37.7,57.44909516038285,Q2
PAK,Pakistan,S. Asia,Lower middle income,2021,PT_HH,6,linear,23.56,40.64874077890218,17.08874077890218,17.08874077890218,76.44,59.35125922109782,Q1_lowest_coverage
AGO,Angola,Sub-Saharan Africa,Lower middle income,2011,PT_POP,7,linear,23.1,70.13429798975066,47.03429798975066,47.03429798975066,76.9,29.865702010249336,Q1_lowest_coverage
BFA,Burkina Faso,Sub-Saharan Africa,Low income,2007,PT_POP,7,linear,9.1,38.40624811432217,29.306248114322166,29.306248114322166,90.9,61.59375188567783,Q1_lowest_coverage
BWA,Botswana,Sub-Saharan Africa,Upper middle income,2017,PT_MSW,7,linear,76.3148962655602,79.16380381154914,2.8489075459889506,2.8489075459889506,23.685103734439807,20.836196188450856,Q2
CIV,Cote d'Ivoire,Sub-Saharan Africa,Lower middle income,2019,PT_HH,7,linear,17.5,60.68066802169011,43.18066802169011,43.18066802169011,82.5,39.31933197830989,Q1_lowest_coverage
CMR,Cameroon,Sub-Saharan Africa,Lower middle income,2009,PT_POP,7,linear,61.6,56.429006120180254,5.170993879819747,-5.170993879819747,38.4,43.570993879819746,Q2
COG,"Congo, Rep.",Sub-Saharan Africa,Lower middle income,2012,PT_MSW,7,linear,43.106796116504896,70.0760190279363,26.9692229114314,26.9692229114314,56.893203883495104,29.923980972063703,Q1_lowest_coverage
COM,Comoros,Sub-Saharan Africa,Lower middle income,2018,PT_HH,7,linear,38.3,54.74833809978955,16.448338099789552,16.448338099789552,61.7,45.25166190021045,Q1_lowest_coverage
CPV,Cabo Verde,Sub-Saharan Africa,Upper middle income,2019,PT_POP,7,linear,82.1,76.88082979556515,5.219170204434846,-5.219170204434846,17.900000000000006,23.11917020443485,Q3
ETH,Ethiopia,Sub-Saharan Africa,Low income,2022,PT_MSW,7,linear,40.0,41.421335626806815,1.4213356268068154,1.4213356268068154,60.0,58.578664373193185,Q1_lowest_coverage
GAB,Gabon,Sub-Saharan Africa,Upper middle income,2013,PT_HH,7,linear,53.3,87.03086688702699,33.73086688702699,33.73086688702699,46.7,12.969133112973012,Q1_lowest_coverage
GHA,Ghana,Sub-Saharan Africa,Lower middle income,2021,PT_HH,7,linear,33.4,63.67028177152248,30.270281771522484,30.270281771522484,66.6,36.32971822847752,Q1_lowest_coverage
GIN,Guinea,Sub-Saharan Africa,Lower middle income,2018,PT_POP,7,linear,9.7,50.577836251173935,40.87783625117393,40.87783625117393,90.3,49.422163748826065,Q1_lowest_coverage
GMB,"Gambia, The",Sub-Saharan Africa,Low income,2013,PT_HH,7,linear,32.6,56.056173473797,23.456173473797,23.456173473797,67.4,43.943826526203,Q1_lowest_coverage
KEN,Kenya,Sub-Saharan Africa,Lower middle income,2021,PT_MSW,7,linear,68.2393855962904,53.344153478059305,14.8952321182311,-14.8952321182311,31.760614403709596,46.655846521940695,Q2
LSO,Lesotho,Sub-Saharan Africa,Lower middle income,2016,PT_HH,7,linear,5.800000000000001,51.47555186464529,45.675551864645286,45.675551864645286,94.2,48.52444813535471,Q1_lowest_coverage
MDG,Madagascar,Sub-Saharan Africa,Low income,2007,PT_POP,7,linear,17.7,38.76632217190928,21.06632217190928,21.06632217190928,82.3,61.23367782809072,Q1_lowest_coverage
MLI,Mali,Sub-Saharan Africa,Low income,2009,PT_MSW,7,linear,20.0,42.20848230155215,22.208482301552152,22.208482301552152,80.0,57.79151769844785,Q1_lowest_coverage
MOZ,Mozambique,Sub-Saharan Africa,Low income,2017,PT_MSW,7,linear,25.0,38.31707991090917,13.317079910909172,13.317079910909172,75.0,61.68292008909083,Q1_lowest_coverage
MUS,Mauritius,Sub-Saharan Africa,Upper middle income,2021,PT_POP,7,linear,100.0,79.78770064821877,20.212299351781226,-20.212299351781226,0.0,20.212299351781226,Q4_highest_coverage
MWI,Malawi,Sub-Saharan Africa,Low income,2018,PT_HH,7,linear,3.62,36.5056509605284,32.8856509605284,32.8856509605284,96.38,63.4943490394716,Q1_lowest_coverage
NAM,Namibia,Sub-Saharan Africa,Lower middle income,2016,PT_HH,7,linear,39.900000000000006,68.91960755417658,29.019607554176574,29.019607554176574,60.099999999999994,31.08039244582342,Q1_lowest_coverage
NGA,Nigeria,Sub-Saharan Africa,Lower middle income,2021,PT_MSW,7,linear,20.0,64.33461189429295,44.33461189429295,44.33461189429295,80.0,35.66538810570705,Q1_lowest_coverage
RWA,Rwanda,Sub-Saharan Africa,Low income,2019,PT_HH,7,linear,12.1,45.97223487024778,33.87223487024778,33.87223487024778,87.9,54.02776512975222,Q1_lowest_coverage
SDN,Sudan,Sub-Saharan Africa,Low income,2018,PT_MSW,7,linear,33.0,49.275370297899165,16.275370297899165,16.275370297899165,67.0,50.724629702100835,Q1_lowest_coverage
SEN,Senegal,Sub-Saharan Africa,Lower middle income,2015,PT_MSW,7,linear,54.0,53.91351958468283,0.08648041531716899,-0.08648041531716899,46.0,46.08648041531717,Q2
SLE,Sierra Leone,Sub-Saharan Africa,Low income,2018,PT_HH,7,linear,10.8,50.65922114013774,39.859221140137734,39.859221140137734,89.2,49.34077885986226,Q1_lowest_coverage
STP,Sao Tome and Principe,Sub-Saharan Africa,Lower middle income,2021,PT_MSW,7,linear,38.0,71.7033437741355,33.703343774135504,33.703343774135504,62.0,28.296656225864496,Q1_lowest_coverage
SWZ,Eswatini,Sub-Saharan Africa,Lower middle income,2017,PT_MSW,7,linear,46.0,63.45931787984792,17.459317879847923,17.459317879847923,54.0,36.54068212015208,Q1_lowest_coverage
SYC,Seychelles,Sub-Saharan Africa,High income,2017,PT_MSW,7,linear,90.0,87.4344016300096,2.565598369990397,-2.565598369990397,10.0,12.565598369990397,Q3
TZA,Tanzania,Sub-Saharan Africa,Lower middle income,2022,PT_HH,7,linear,21.9,48.7767713619416,26.8767713619416,26.8767713619416,78.1,51.2232286380584,Q1_lowest_coverage
ZAF,South Africa,Sub-Saharan Africa,Upper middle income,2023,PT_MSW,7,linear,68.60000000000001,72.99759821953982,4.397598219539816,4.397598219539816,31.39999999999999,27.002401780460175,Q2
ZMB,Zambia,Sub-Saharan Africa,Lower middle income,2016,PT_MSW,7,linear,6.3,51.858455889147926,45.55845588914793,45.55845588914793,93.7,48.141544110852074,Q1_lowest_coverage
ZWE,Zimbabwe,Sub-Saharan Africa,Lower middle income,2021,PT_POP,7,linear,79.3,54.82575776329368,24.474242236706317,-24.474242236706317,20.700000000000003,45.17424223670632,Q2
