iso3,country,region,income_group,year,unit,y,pred,signed_error,threshold
PNG,Papua New Guinea,E. Asia & Pacific,Lower middle income,2021,PT_MSW,12.33,35.64372446771736,23.313724467717364,25
SLB,Solomon Islands,E. Asia & Pacific,Lower middle income,2014,PT_POP,12.0,32.474221700849284,20.474221700849284,25
YEM,"Yemen, Rep.",Mid. East & N. Africa,Low income,2016,PT_MSW,17.7,64.62012245221193,46.92012245221193,25
PAK,Pakistan,S. Asia,Lower middle income,2021,PT_HH,23.56,40.64874077890218,17.08874077890218,25
AGO,Angola,Sub-Saharan Africa,Lower middle income,2011,PT_POP,23.1,70.13429798975066,47.03429798975066,25
BFA,Burkina Faso,Sub-Saharan Africa,Low income,2007,PT_POP,9.1,38.40624811432217,29.306248114322166,25
CIV,Cote d'Ivoire,Sub-Saharan Africa,Lower middle income,2019,PT_HH,17.5,60.68066802169011,43.18066802169011,25
GIN,Guinea,Sub-Saharan Africa,Lower middle income,2018,PT_POP,9.7,50.577836251173935,40.87783625117393,25
LSO,Lesotho,Sub-Saharan Africa,Lower middle income,2016,PT_HH,5.800000000000001,51.47555186464529,45.675551864645286,25
MDG,Madagascar,Sub-Saharan Africa,Low income,2007,PT_POP,17.7,38.76632217190928,21.06632217190928,25
MLI,Mali,Sub-Saharan Africa,Low income,2009,PT_MSW,20.0,42.20848230155215,22.208482301552152,25
MOZ,Mozambique,Sub-Saharan Africa,Low income,2017,PT_MSW,25.0,38.31707991090917,13.317079910909172,25
MWI,Malawi,Sub-Saharan Africa,Low income,2018,PT_HH,3.62,36.5056509605284,32.8856509605284,25
NGA,Nigeria,Sub-Saharan Africa,Lower middle income,2021,PT_MSW,20.0,64.33461189429295,44.33461189429295,25
RWA,Rwanda,Sub-Saharan Africa,Low income,2019,PT_HH,12.1,45.97223487024778,33.87223487024778,25
SLE,Sierra Leone,Sub-Saharan Africa,Low income,2018,PT_HH,10.8,50.65922114013774,39.859221140137734,25
TZA,Tanzania,Sub-Saharan Africa,Lower middle income,2022,PT_HH,21.9,48.7767713619416,26.8767713619416,25
ZMB,Zambia,Sub-Saharan Africa,Lower middle income,2016,PT_MSW,6.3,51.858455889147926,45.55845588914793,25
WSM,Samoa,E. Asia & Pacific,Upper middle income,2017,PT_MSW,29.56,54.21121692628845,24.651216926288452,50
TKM,Turkmenistan,Eur. & Cent. Asia,Upper middle income,2017,PT_MSW,50.0,65.61758623590907,15.617586235909073,50
GTM,Guatemala,L. Amer. & the Caribbean,Upper middle income,2021,PT_MSW,41.8,66.0001053985285,24.200105398528507,50
YEM,"Yemen, Rep.",Mid. East & N. Africa,Low income,2016,PT_MSW,17.7,64.62012245221193,46.92012245221193,50
LKA,Sri Lanka,S. Asia,Upper middle income,2021,PT_MSW,47.35,60.21004926226406,12.860049262264056,50
AGO,Angola,Sub-Saharan Africa,Lower middle income,2011,PT_POP,23.1,70.13429798975066,47.03429798975066,50
CIV,Cote d'Ivoire,Sub-Saharan Africa,Lower middle income,2019,PT_HH,17.5,60.68066802169011,43.18066802169011,50
COG,"Congo, Rep.",Sub-Saharan Africa,Lower middle income,2012,PT_MSW,43.106796116504896,70.0760190279363,26.9692229114314,50
COM,Comoros,Sub-Saharan Africa,Lower middle income,2018,PT_HH,38.3,54.74833809978955,16.448338099789552,50
GHA,Ghana,Sub-Saharan Africa,Lower middle income,2021,PT_HH,33.4,63.67028177152248,30.270281771522484,50
GIN,Guinea,Sub-Saharan Africa,Lower middle income,2018,PT_POP,9.7,50.577836251173935,40.87783625117393,50
GMB,"Gambia, The",Sub-Saharan Africa,Low income,2013,PT_HH,32.6,56.056173473797,23.456173473797,50
LSO,Lesotho,Sub-Saharan Africa,Lower middle income,2016,PT_HH,5.800000000000001,51.47555186464529,45.675551864645286,50
NAM,Namibia,Sub-Saharan Africa,Lower middle income,2016,PT_HH,39.900000000000006,68.91960755417658,29.019607554176574,50
NGA,Nigeria,Sub-Saharan Africa,Lower middle income,2021,PT_MSW,20.0,64.33461189429295,44.33461189429295,50
SLE,Sierra Leone,Sub-Saharan Africa,Low income,2018,PT_HH,10.8,50.65922114013774,39.859221140137734,50
STP,Sao Tome and Principe,Sub-Saharan Africa,Lower middle income,2021,PT_MSW,38.0,71.7033437741355,33.703343774135504,50
SWZ,Eswatini,Sub-Saharan Africa,Lower middle income,2017,PT_MSW,46.0,63.45931787984792,17.459317879847923,50
ZMB,Zambia,Sub-Saharan Africa,Lower middle income,2016,PT_MSW,6.3,51.858455889147926,45.55845588914793,50
THA,Thailand,E. Asia & Pacific,Upper middle income,2023,PT_MSW,72.28200371057511,78.5368196087798,6.254815898204683,75
AZE,Azerbaijan,Eur. & Cent. Asia,Upper middle income,2020,PT_MSW,68.0,75.30260017535703,7.302600175357028,75
PAN,Panama,L. Amer. & the Caribbean,High income,2021,PT_MSW,64.2,85.75778700435227,21.557787004352264,75
GAB,Gabon,Sub-Saharan Africa,Upper middle income,2013,PT_HH,53.3,87.03086688702699,33.73086688702699,75
