iso3,country,region,income_group,year,y,pred,ood,lo_global,hi_global,lo_scaled,hi_scaled,lo_income,hi_income,retain_global_q50,retain_global_q60,retain_global_q70,retain_global_q80,retain_global_q90,retain_equal_income_q50,retain_equal_income_q60,retain_equal_income_q70,retain_equal_income_q80,held_region
ASM,American Samoa,E. Asia & Pacific,High income,2013,100.0,83.01948460468748,2.8194285069599174,46.148233224105034,100.0,35.059156516125455,100.0,68.7603911822278,97.27857802714715,0,0,0,0,0,0,1,1,1,E. Asia & Pacific
AUS,Australia,E. Asia & Pacific,High income,2018,98.0,95.37559765401771,2.600194972678827,58.50434627343527,100.0,50.168171527876545,100.0,81.11650423155804,100.0,0,0,0,0,0,1,1,1,1,E. Asia & Pacific
FSM,"Micronesia, Fed. Sts.",E. Asia & Pacific,Upper middle income,2023,35.510000000000005,44.48074523012225,2.6869750268320183,7.60949384953981,81.3519966107047,0.0,90.7778631416041,21.927384057024398,67.03410640322011,0,0,0,0,0,0,0,0,1,E. Asia & Pacific
GUM,Guam,E. Asia & Pacific,High income,2014,100.0,83.34666295478608,2.6679954942033546,46.47541157420364,100.0,37.28786986341268,100.0,69.08756953232641,97.60575637724575,0,0,0,0,0,1,1,1,1,E. Asia & Pacific
HKG,"Hong Kong SAR, China",E. Asia & Pacific,High income,2013,100.0,100.0,3.738441596870208,63.12874861941756,100.0,40.49968124805383,100.0,85.74090657754033,100.0,0,0,0,0,0,0,0,0,1,E. Asia & Pacific
IDN,Indonesia,E. Asia & Pacific,Upper middle income,2023,62.53,67.46095204688488,2.1251153479958185,30.58970066630244,100.0,28.219071453660042,100.0,44.90759087378703,90.01431321998274,0,0,0,1,1,1,1,1,1,E. Asia & Pacific
JPN,Japan,E. Asia & Pacific,High income,2022,99.99,99.80059029264984,2.668922381393822,62.9293389120674,100.0,53.73015833601822,100.0,85.54149687019017,100.0,0,0,0,0,0,0,1,1,1,E. Asia & Pacific
KHM,Cambodia,E. Asia & Pacific,Lower middle income,2021,54.0,50.476705435734914,1.0233542229646309,13.605454055152471,87.34795681631735,25.06957130665523,75.8838395648146,6.48913160272572,94.46427926874411,1,1,1,1,1,1,1,1,1,E. Asia & Pacific
KIR,Kiribati,E. Asia & Pacific,Lower middle income,2021,53.06999999999999,44.635843301624774,2.949372611152759,7.7645919210423315,81.50709468220722,0.0,94.22787148848855,0.648269468615581,88.62341713463397,0,0,0,0,0,0,0,0,0,E. Asia & Pacific
KOR,"Korea, Rep.",E. Asia & Pacific,High income,2022,99.9734745102489,100.0,2.5296006793375914,63.12874861941756,100.0,55.679022059407075,100.0,85.74090657754033,100.0,0,0,0,0,0,1,1,1,1,E. Asia & Pacific
LAO,Lao PDR,E. Asia & Pacific,Lower middle income,2020,55.00000000000001,53.59328476874823,1.180208351609848,16.722033388165784,90.46453614933067,26.216543024769656,80.9700265127268,9.605710935739033,97.58085860175743,1,1,1,1,1,1,1,1,1,E. Asia & Pacific
MAC,"Macao SAR, China",E. Asia & Pacific,High income,2009,100.0,100.0,4.373044567840881,63.12874861941756,100.0,32.53101089900335,100.0,85.74090657754033,100.0,0,0,0,0,0,0,0,0,0,E. Asia & Pacific
MHL,Marshall Islands,E. Asia & Pacific,Upper middle income,2021,82.69999999999999,65.66652260134487,3.2007644103899295,28.795271220762423,100.0,12.917783103294582,100.0,43.11316142824701,88.21988377444272,0,0,0,0,0,0,0,0,0,E. Asia & Pacific
MMR,Myanmar,E. Asia & Pacific,Lower middle income,2019,83.0,48.58082297595699,1.6615064642539197,11.709571595374548,85.45207435653944,15.160450529439501,82.00119542247448,4.593249142947798,92.56839680896618,1,1,1,1,1,1,1,1,1,E. Asia & Pacific
MNG,Mongolia,E. Asia & Pacific,Upper middle income,2019,88.01390819103851,67.55277049453913,2.4383887468873615,30.68151911395669,100.0,24.37713516159897,100.0,44.99940932144128,90.10613166763699,0,0,0,0,0,0,1,1,1,E. Asia & Pacific
NCL,New Caledonia,E. Asia & Pacific,High income,2014,67.0,72.48354766994673,2.1587713272261073,35.61229628936429,100.0,32.81905102222967,100.0,58.22445424748706,86.7426410924064,0,0,0,0,1,1,1,1,1,E. Asia & Pacific
NRU,Nauru,E. Asia & Pacific,High income,2020,86.0,82.69355658033359,4.128554676809927,45.82230519975115,100.0,18.294611955052105,100.0,68.43446315787392,96.95265000279326,0,0,0,0,0,0,0,0,0,E. Asia & Pacific
NZL,New Zealand,E. Asia & Pacific,High income,2022,100.0,97.04348139056657,1.6556690202673767,60.172230009984126,100.0,63.6964093679955,100.0,82.7843879681069,100.0,1,1,1,1,1,1,1,1,1,E. Asia & Pacific
PHL,Philippines,E. Asia & Pacific,Upper middle income,2025,54.98,61.52514689873745,1.5081955416702966,24.653895518155004,98.3963982793199,30.029890247232757,93.02040355024214,38.97178572563959,84.0785080718353,1,1,1,1,1,1,1,1,1,E. Asia & Pacific
PLW,Palau,E. Asia & Pacific,High income,2017,90.8,84.85261254251124,3.264559455844501,47.981361161928795,100.0,31.30280259508598,100.0,70.59351912005157,99.11170596497091,0,0,0,0,0,0,0,1,1,E. Asia & Pacific
PNG,Papua New Guinea,E. Asia & Pacific,Lower middle income,2021,12.33,35.07524687333774,2.154030994639945,0.0,71.94649825392018,0.0,74.68021945726699,0.0,79.06282070634694,0,0,0,0,1,1,1,1,1,E. Asia & Pacific
PYF,French Polynesia,E. Asia & Pacific,High income,2015,76.0,75.31845306627119,1.557495105508318,38.447201685688746,100.0,43.204144833623936,100.0,61.05935964381152,89.57754648873086,1,1,1,1,1,1,1,1,1,E. Asia & Pacific
SGP,Singapore,E. Asia & Pacific,High income,2021,100.0,100.0,4.1063366912003145,63.12874861941756,100.0,35.88004524908381,100.0,85.74090657754033,100.0,0,0,0,0,0,0,0,0,0,E. Asia & Pacific
SLB,Solomon Islands,E. Asia & Pacific,Lower middle income,2014,12.0,31.360068690209026,2.5963454185068184,0.0,68.23132007079147,0.0,76.51915620214449,0.0,75.34764252321821,0,0,0,0,0,0,0,1,1,E. Asia & Pacific
THA,Thailand,E. Asia & Pacific,Upper middle income,2023,72.28200371057511,77.86871851914414,1.6080353617971506,40.997467138561696,100.0,45.11977940680495,100.0,55.315357346046284,100.0,1,1,1,1,1,1,1,1,1,E. Asia & Pacific
TON,Tonga,E. Asia & Pacific,Upper middle income,2021,90.54,56.26654927965527,2.549478618677937,19.39529789907283,93.13780066023772,11.695965281310443,100.0,33.71318810655742,78.81991045275313,0,0,0,0,0,0,0,1,1,E. Asia & Pacific
TUV,Tuvalu,E. Asia & Pacific,Upper middle income,2019,94.69,61.543481188315006,3.642544912285596,24.672229807732563,98.41473256889745,3.2473311875059423,100.0,38.99012001521715,84.09684236141285,0,0,0,0,0,0,0,0,0,E. Asia & Pacific
VNM,Viet Nam,E. Asia & Pacific,Upper middle income,2019,75.0,63.2504377272984,2.266838693953823,26.379186346715954,100.0,22.228945823750884,100.0,40.69707655420054,85.80379890039626,0,0,0,0,1,1,1,1,1,E. Asia & Pacific
VUT,Vanuatu,E. Asia & Pacific,Lower middle income,2020,41.89,38.45326180619723,2.6477130289994797,1.58201042561479,75.32451318677968,0.0,84.25736923351118,0.0,82.44083563920643,0,0,0,0,0,0,0,0,1,E. Asia & Pacific
WSM,Samoa,E. Asia & Pacific,Upper middle income,2017,29.56,53.719869949615784,2.4088134810078152,16.84861856903334,90.59112133019823,10.915609405418166,96.5241304938134,31.16650877651793,76.27323112271364,0,0,0,0,0,1,1,1,1,E. Asia & Pacific
ALB,Albania,Eur. & Cent. Asia,Upper middle income,2022,89.2,76.76179431822851,0.6930875998987254,44.149054149019896,100.0,57.8750354306068,95.64855320585022,39.436879956199476,100.0,1,1,1,1,1,1,1,1,1,Eur. & Cent. Asia
AND,Andorra,Eur. & Cent. Asia,High income,2021,100.0,100.0,2.225012310269796,67.38725983079138,100.0,64.024289164175,100.0,78.03382184988844,100.0,0,0,1,1,1,0,0,1,1,Eur. & Cent. Asia
ARM,Armenia,Eur. & Cent. Asia,Upper middle income,2021,96.3,74.85854278277718,0.40195644028662963,42.245802613568564,100.0,59.21941503757023,90.49767052798413,37.533628420748144,100.0,1,1,1,1,1,1,1,1,1,Eur. & Cent. Asia
AZE,Azerbaijan,Eur. & Cent. Asia,Upper middle income,2020,68.0,75.31567528312686,0.6748773270190404,42.70293511391825,100.0,56.632055933693835,93.9992946325599,37.99076092109783,100.0,1,1,1,1,1,1,1,1,1,Eur. & Cent. Asia
BGR,Bulgaria,Eur. & Cent. Asia,High income,2018,99.8,85.53125034470875,0.953288268474171,52.91851017550014,100.0,63.741896641510834,100.0,63.56507219459719,100.0,1,1,1,1,1,1,1,1,1,Eur. & Cent. Asia
BIH,Bosnia and Herzegovina,Eur. & Cent. Asia,Upper middle income,2021,76.52316,73.24446414567142,0.8986954882856192,40.6317239764628,100.0,52.064104729885315,94.42482356145752,35.91954978364238,100.0,1,1,1,1,1,0,1,1,1,Eur. & Cent. Asia
BLR,Belarus,Eur. & Cent. Asia,Upper middle income,2021,100.0,85.86587537376411,1.1184061794061049,53.2531352045555,100.0,62.23459561075347,100.0,48.54096101173508,100.0,1,1,1,1,1,0,0,1,1,Eur. & Cent. Asia
DNK,Denmark,Eur. & Cent. Asia,High income,2022,100.0,100.0,1.8369958965482571,67.38725983079138,100.0,68.35269630083866,100.0,78.03382184988844,100.0,1,1,1,1,1,0,1,1,1,Eur. & Cent. Asia
GEO,Georgia,Eur. & Cent. Asia,Upper middle income,2019,87.88,74.94839287573201,0.6072028918915132,42.3356527065234,100.0,57.01969650794864,92.87708924351539,37.62347851370298,100.0,1,1,1,1,1,1,1,1,1,Eur. & Cent. Asia
GRC,Greece,Eur. & Cent. Asia,High income,2018,96.0,89.44355386025364,1.1368079912536495,56.83081369104503,100.0,65.60699790038187,100.0,67.47737571014208,100.0,1,1,1,1,1,1,1,1,1,Eur. & Cent. Asia
HRV,Croatia,Eur. & Cent. Asia,High income,2022,99.5,89.06193693690803,1.5837032553668675,56.44919676769941,100.0,60.240167511512524,100.0,67.09575878679647,100.0,1,1,1,1,1,1,1,1,1,Eur. & Cent. Asia
ISL,Iceland,Eur. & Cent. Asia,High income,2013,100.0,100.0,3.1391207971547876,67.38725983079138,100.0,53.8272110035658,100.0,78.03382184988844,100.0,0,0,0,0,0,0,0,0,0,Eur. & Cent. Asia
KAZ,Kazakhstan,Eur. & Cent. Asia,Upper middle income,2021,82.0,82.35267030345342,2.200112128483117,49.73993013424481,100.0,46.654726388661395,100.0,45.02775594142439,100.0,0,1,1,1,1,0,0,0,0,Eur. & Cent. Asia
KGZ,Kyrgyz Republic,Eur. & Cent. Asia,Lower middle income,2022,47.0,47.8937515685839,1.1124318853709636,15.281011399375288,80.50649173779252,24.329116349524927,71.45838678764288,11.983610549715017,83.8038925874528,1,1,1,1,1,1,1,1,1,Eur. & Cent. Asia
LIE,Liechtenstein,Eur. & Cent. Asia,High income,2021,100.0,64.45398359328519,3.0357295359573677,31.841243424076573,97.06672376249381,19.4345465093212,100.0,42.48780544317363,86.42016174339675,0,0,0,0,0,0,0,0,0,Eur. & Cent. Asia
LTU,Lithuania,Eur. & Cent. Asia,High income,2019,99.0,92.84140051345089,1.5510641041816846,60.22866034424228,100.0,64.38372788893447,100.0,70.87522236333933,100.0,1,1,1,1,1,1,1,1,1,Eur. & Cent. Asia
LUX,Luxembourg,Eur. & Cent. Asia,High income,2017,100.0,100.0,2.534517237135209,67.38725983079138,100.0,60.57169466842198,100.0,78.03382184988844,100.0,0,0,0,0,1,0,0,0,1,Eur. & Cent. Asia
MCO,Monaco,Eur. & Cent. Asia,High income,2017,100.0,89.38279129463666,4.487098592673881,56.77005112542805,100.0,28.17301802676853,100.0,67.4166131445251,100.0,0,0,0,0,0,0,0,0,0,Eur. & Cent. Asia
MKD,North Macedonia,Eur. & Cent. Asia,Upper middle income,2011,77.0,74.75151054782266,0.6430544579027515,42.13877037861405,100.0,56.4228821959893,93.08013889965602,37.42659618579363,100.0,1,1,1,1,1,1,1,1,1,Eur. & Cent. Asia
MNE,Montenegro,Eur. & Cent. Asia,Upper middle income,2021,87.6,83.11307314143221,1.2392019604889997,50.500332972223596,100.0,58.13429027693347,100.0,45.788158779403176,100.0,1,1,1,1,1,0,0,0,1,Eur. & Cent. Asia
ROU,Romania,Eur. & Cent. Asia,High income,2021,95.24,85.17676183735773,1.7468174142959827,52.56402166814912,100.0,54.53541863973941,100.0,63.21058368724617,100.0,1,1,1,1,1,1,1,1,1,Eur. & Cent. Asia
SRB,Serbia,Eur. & Cent. Asia,Upper middle income,2021,88.0,79.78932301412182,0.7923430229138546,47.176582844913206,100.0,59.79534838474653,99.78329764349711,42.464408652092786,100.0,1,1,1,1,1,1,1,1,1,Eur. & Cent. Asia
SVN,Slovenia,Eur. & Cent. Asia,High income,2022,98.23,92.8645499763069,1.8178403390661246,60.25180980709829,100.0,61.430930669816476,100.0,70.89837182619534,100.0,1,1,1,1,1,1,1,1,1,Eur. & Cent. Asia
SWE,Sweden,Eur. & Cent. Asia,High income,2022,100.0,100.0,2.0682654943062544,67.38725983079138,100.0,65.77283384649559,100.0,78.03382184988844,100.0,0,1,1,1,1,0,1,1,1,Eur. & Cent. Asia
TJK,Tajikistan,Eur. & Cent. Asia,Lower middle income,2018,38.0,35.713996613931606,1.4640545969237102,3.101256444722992,68.32673678314022,8.226933888519309,63.2010593393439,0.0,71.62413763280048,1,1,1,1,1,0,0,0,0,Eur. & Cent. Asia
TKM,Turkmenistan,Eur. & Cent. Asia,Upper middle income,2017,50.0,65.07995670104937,1.4421472217424405,32.467216531840755,97.69269687025798,37.83727549076603,92.3226379113327,27.755042339020335,100.0,1,1,1,1,1,0,0,0,0,Eur. & Cent. Asia
TUR,Turkiye,Eur. & Cent. Asia,Upper middle income,2022,99.4,90.42086402227471,1.7902687097552559,57.8081238530661,100.0,59.29481221256616,100.0,53.09594966024568,100.0,1,1,1,1,1,0,0,0,0,Eur. & Cent. Asia
UKR,Ukraine,Eur. & Cent. Asia,Upper middle income,2019,78.0,74.2515497947261,0.9769606670228661,41.63880962551749,100.0,52.19812535844406,96.30497423100815,36.92663543269707,100.0,1,1,1,1,1,0,0,1,1,Eur. & Cent. Asia
UZB,Uzbekistan,Eur. & Cent. Asia,Lower middle income,2022,86.06,59.89765027659003,0.7252071561993619,27.284910107381414,92.51039044579863,40.6525907815669,79.14270977161316,23.987509257721143,95.80779129545891,1,1,1,1,1,1,1,1,1,Eur. & Cent. Asia
XKX,Kosovo,Eur. & Cent. Asia,Upper middle income,2021,90.02,66.13398760927929,0.7972600964357867,33.521247440070674,98.7467277784879,46.08516195976364,86.18281325879494,28.809073247250254,100.0,1,1,1,1,1,1,1,1,1,Eur. & Cent. Asia
ABW,Aruba,L. Amer. & the Caribbean,High income,2019,96.0,100.0,2.326934726145486,65.47825586618838,100.0,55.12605720577076,100.0,86.0072009064678,100.0,0,0,1,1,1,0,0,1,1,L. Amer. & the Caribbean
ARG,Argentina,L. Amer. & the Caribbean,Upper middle income,2021,98.0,83.25272473885431,2.2120089595993964,48.73098060504269,100.0,39.92890922336107,100.0,63.99095389049174,100.0,0,0,1,1,1,0,0,0,1,L. Amer. & the Caribbean
ATG,Antigua and Barbuda,L. Amer. & the Caribbean,High income,2012,99.0,83.70065197008714,2.9640005155123426,49.17890783627551,100.0,30.233918471686245,100.0,69.70785287655494,97.69345106361934,0,0,0,0,0,0,0,0,0,L. Amer. & the Caribbean
BHS,"Bahamas, The",L. Amer. & the Caribbean,High income,2021,79.0,95.08064415144831,1.7297043784091857,60.55890001763669,100.0,58.262188664704176,100.0,81.08784505791611,100.0,1,1,1,1,1,1,1,1,1,L. Amer. & the Caribbean
BLZ,Belize,L. Amer. & the Caribbean,Upper middle income,2021,72.77,68.18003919944867,1.814780570517926,33.65829506563705,100.0,30.21406971195298,100.0,48.9182683510861,87.44181004781124,1,1,1,1,1,0,0,1,1,L. Amer. & the Caribbean
BOL,Bolivia,L. Amer. & the Caribbean,Lower middle income,2021,70.14,66.07127110481017,1.628855815818987,31.549526970998542,100.0,30.613068523837917,100.0,14.618282621303067,100.0,1,1,1,1,1,0,1,1,1,L. Amer. & the Caribbean
BRA,Brazil,L. Amer. & the Caribbean,Upper middle income,2022,93.0,73.33944526732762,2.3555417689757996,38.817701133515996,100.0,28.079648553755987,100.0,54.077674418965046,92.60121611569019,0,0,1,1,1,0,0,0,0,L. Amer. & the Caribbean
BRB,Barbados,L. Amer. & the Caribbean,High income,2021,90.0,84.5240343306434,1.7583600325192803,50.00229019683178,100.0,47.31906925200312,100.0,70.5312352371112,98.5168334241756,1,1,1,1,1,1,1,1,1,L. Amer. & the Caribbean
CHL,Chile,L. Amer. & the Caribbean,High income,2021,96.0,86.53742121903723,1.7953639680211548,52.015677085225605,100.0,48.833344308769185,100.0,72.54462212550503,100.0,1,1,1,1,1,1,1,1,1,L. Amer. & the Caribbean
COL,Colombia,L. Amer. & the Caribbean,Upper middle income,2021,82.52000000000001,73.82351760148853,1.4943771169288365,39.30177346767691,100.0,40.179173703590166,100.0,54.56174675312596,93.0852884498511,1,1,1,1,1,1,1,1,1,L. Amer. & the Caribbean
CRI,Costa Rica,L. Amer. & the Caribbean,High income,2021,88.85,85.45228998988061,0.9475233037393179,50.93054585606899,100.0,59.18395095827053,100.0,71.45949089634841,99.44508908341281,1,1,1,1,1,1,1,1,1,L. Amer. & the Caribbean
CUB,Cuba,L. Amer. & the Caribbean,Upper middle income,2022,77.10000000000001,71.29002601416164,1.1312544800182809,36.76828188035002,100.0,42.543507224750655,100.0,52.02825516579907,90.55179686252421,1,1,1,1,1,1,1,1,1,L. Amer. & the Caribbean
DMA,Dominica,L. Amer. & the Caribbean,Upper middle income,2021,100.0,86.38828380582298,1.9649660006940854,51.866539672011356,100.0,46.39660207657862,100.0,67.1265129574604,100.0,0,1,1,1,1,0,0,1,1,L. Amer. & the Caribbean
DOM,Dominican Republic,L. Amer. & the Caribbean,Upper middle income,2021,89.58,82.07244599497996,1.0297213418158389,47.550701861168335,100.0,54.695413718066206,100.0,62.810675146617385,100.0,1,1,1,1,1,1,1,1,1,L. Amer. & the Caribbean
ECU,Ecuador,L. Amer. & the Caribbean,Upper middle income,2021,80.9,68.90425458160512,0.6468063990404017,34.38251044779349,100.0,46.69200750535212,91.11650165785811,49.64248373324254,88.16602542996769,1,1,1,1,1,1,1,1,1,L. Amer. & the Caribbean
GRD,Grenada,L. Amer. & the Caribbean,Upper middle income,2011,98.3,75.35003765988901,2.236022321135788,40.82829352607739,100.0,31.70232813967941,100.0,56.08826681152644,94.61180850825158,0,0,1,1,1,0,0,0,1,L. Amer. & the Caribbean
GTM,Guatemala,L. Amer. & the Caribbean,Upper middle income,2021,41.8,65.75169208598267,0.7036971399492588,31.229947952171045,100.0,42.77209846908289,88.73128570288245,46.489921237620095,85.01346293434524,1,1,1,1,1,1,1,1,1,L. Amer. & the Caribbean
GUY,Guyana,L. Amer. & the Caribbean,High income,2021,55.00000000000001,72.35831232460129,3.0098690597447955,37.83656819078966,100.0,18.272900493329587,100.0,58.36551323106909,86.35111141813348,0,0,0,0,0,0,0,0,0,L. Amer. & the Caribbean
HND,Honduras,L. Amer. & the Caribbean,Lower middle income,2021,52.61,55.88554571750489,0.7972268874704524,21.363801583693267,90.4072898513165,31.644415916308724,80.12667551870106,4.432557233997791,100.0,1,1,1,1,1,1,1,1,1,L. Amer. & the Caribbean
HTI,Haiti,L. Amer. & the Caribbean,Lower middle income,2021,43.0,44.939835130434645,1.8249325393471034,10.418090996623022,79.46157926424627,6.836935133028682,83.04273512784061,0.0,96.39282361394174,1,1,1,1,1,0,0,1,1,L. Amer. & the Caribbean
JAM,Jamaica,L. Amer. & the Caribbean,Upper middle income,2017,53.8,68.44483367955631,0.7364372410453202,33.92308954574469,100.0,45.02363914631873,91.86602821279389,49.18306283119374,87.70660452791888,1,1,1,1,1,1,1,1,1,L. Amer. & the Caribbean
KNA,St. Kitts and Nevis,L. Amer. & the Caribbean,High income,2003,95.0,82.37908548421618,2.7485830770563475,47.85734135040455,100.0,31.8179184023086,100.0,68.38628639068398,96.37188457774838,0,0,0,0,1,0,0,0,1,L. Amer. & the Caribbean
LCA,St. Lucia,L. Amer. & the Caribbean,Upper middle income,2010,96.8,77.35154934547886,2.9744633000799685,42.829805211667235,100.0,23.74369303139232,100.0,58.089778497116285,96.61332019384143,0,0,0,0,0,0,0,0,0,L. Amer. & the Caribbean
MEX,Mexico,L. Amer. & the Caribbean,Upper middle income,2017,83.87,76.06035377154356,1.7456588941174604,41.53860963773194,100.0,39.02670259142547,100.0,56.79858292318099,95.32212461990613,1,1,1,1,1,0,1,1,1,L. Amer. & the Caribbean
NIC,Nicaragua,L. Amer. & the Caribbean,Lower middle income,2021,58.13,58.90341349855749,0.7135503444195803,24.381669364745868,93.42515763236912,35.79091912761939,82.01590786949559,7.450425015050392,100.0,1,1,1,1,1,1,1,1,1,L. Amer. & the Caribbean
PAN,Panama,L. Amer. & the Caribbean,High income,2021,64.2,86.43079593829987,1.0260499436555517,51.90905180448824,100.0,59.10328375257542,100.0,72.43799684476767,100.0,1,1,1,1,1,1,1,1,1,L. Amer. & the Caribbean
PER,Peru,L. Amer. & the Caribbean,Upper middle income,2016,94.17,72.41385785420354,1.7013708329016857,37.89211372039192,100.0,35.977567334589466,100.0,53.15208700584097,91.67562870256612,1,1,1,1,1,0,1,1,1,L. Amer. & the Caribbean
PRY,Paraguay,L. Amer. & the Caribbean,Upper middle income,2021,57.95,72.50742768432501,1.2539136414854868,37.985683550513386,100.0,42.106473010851886,100.0,53.245656835962436,91.76919853268758,1,1,1,1,1,1,1,1,1,L. Amer. & the Caribbean
SLV,El Salvador,L. Amer. & the Caribbean,Upper middle income,2020,71.0,69.81922719510624,1.234624721073674,35.29748306129461,100.0,39.67844291341142,99.96001147680104,50.55745634674366,89.08099804346881,1,1,1,1,1,1,1,1,1,L. Amer. & the Caribbean
SUR,Suriname,L. Amer. & the Caribbean,Upper middle income,2021,100.0,78.86086881743306,2.3828379114879255,44.339124683621435,100.0,33.23289970541723,100.0,59.599097969070485,98.12263966579563,0,0,0,1,1,0,0,0,0,L. Amer. & the Caribbean
TTO,Trinidad and Tobago,L. Amer. & the Caribbean,High income,2021,95.03,87.79861195922103,1.4728706379646266,53.27686782540941,100.0,54.44434904763146,100.0,73.80581286568884,100.0,1,1,1,1,1,1,1,1,1,L. Amer. & the Caribbean
URY,Uruguay,L. Amer. & the Caribbean,High income,2021,100.0,91.90067443840115,2.0559282150658906,57.37893030458953,100.0,50.68208760275997,100.0,77.90787534486896,100.0,0,1,1,1,1,0,1,1,1,L. Amer. & the Caribbean
VEN,"Venezuela, RB",L. Amer. & the Caribbean,Lower middle income,2021,78.11,70.61605876248142,2.0242073846480304,36.09431462866979,100.0,29.825324844533533,100.0,19.163070278974317,100.0,0,1,1,1,1,0,0,0,0,L. Amer. & the Caribbean
VGB,British Virgin Islands,L. Amer. & the Caribbean,High income,2001,97.2,77.0657412730537,2.5810413501504454,42.54399713924208,100.0,28.76438945284569,100.0,63.072942179521505,91.0585403665859,0,0,0,0,1,0,0,0,1,L. Amer. & the Caribbean
ARE,United Arab Emirates,Mid. East & N. Africa,High income,2016,99.9,100.0,1.9486245330045373,74.49426033827406,100.0,59.7259789588018,100.0,88.63527228899217,100.0,0,0,1,1,1,1,1,1,1,Mid. East & N. Africa
BHR,Bahrain,Mid. East & N. Africa,High income,2022,100.0,100.0,2.768459563355574,74.49426033827406,100.0,48.52819745319081,100.0,88.63527228899217,100.0,0,0,0,0,0,0,0,0,0,Mid. East & N. Africa
DJI,Djibouti,Mid. East & N. Africa,Lower middle income,2017,77.60000000000001,56.343992488885206,1.6905640541219906,30.838252827159266,81.84973215061115,19.594710877914544,93.09327409985588,20.67535673321096,92.01262824455945,1,1,1,1,1,0,0,1,1,Mid. East & N. Africa
DZA,Algeria,Mid. East & N. Africa,Upper middle income,2015,85.0,68.46799948406964,1.5074782286704402,42.9622598223437,93.97373914579558,34.21941007858214,100.0,42.9622598223437,93.97373914579558,1,1,1,1,1,1,1,1,1,Mid. East & N. Africa
EGY,"Egypt, Arab Rep.",Mid. East & N. Africa,Lower middle income,2016,65.0,64.18249746592417,1.4802304522400567,38.67675780419823,89.68823712765011,30.306073966607492,98.05892096524084,28.513861710249927,99.85113322159842,1,1,1,1,1,0,1,1,1,Mid. East & N. Africa
IRQ,Iraq,Mid. East & N. Africa,Upper middle income,2019,58.7,71.82724079661328,1.0540918215198705,46.32150113488734,97.33298045833922,43.77126543777396,99.8832161554526,46.32150113488734,97.33298045833922,1,1,1,1,1,1,1,1,1,Mid. East & N. Africa
JOR,Jordan,Mid. East & N. Africa,Upper middle income,2016,84.2,70.55959472092326,1.786371429592664,45.05385505919732,96.0653343826492,32.501720506039014,100.0,45.05385505919732,96.0653343826492,0,1,1,1,1,0,0,0,0,Mid. East & N. Africa
KWT,Kuwait,Mid. East & N. Africa,High income,2023,100.0,100.0,2.004618583551573,74.49426033827406,100.0,58.96117979747373,100.0,88.63527228899217,100.0,0,0,0,1,1,1,1,1,1,Mid. East & N. Africa
LBN,Lebanon,Mid. East & N. Africa,Lower middle income,2016,99.9,83.31161640759825,1.890532865947116,57.80587674587231,100.0,43.83104498848703,100.0,47.642980651924006,100.0,0,0,1,1,1,0,0,0,0,Mid. East & N. Africa
MAR,Morocco,Mid. East & N. Africa,Lower middle income,2021,96.0,59.545855755446546,1.0213385951768545,34.040116093720606,85.05159541717248,31.937242925183092,87.15446858570999,23.8772199997723,95.2144915111208,1,1,1,1,1,1,1,1,1,Mid. East & N. Africa
MLT,Malta,Mid. East & N. Africa,High income,2022,100.0,100.0,2.644428128315433,74.49426033827406,100.0,50.22229060362889,100.0,88.63527228899217,100.0,0,0,0,0,0,0,0,0,1,Mid. East & N. Africa
OMN,Oman,Mid. East & N. Africa,High income,2021,100.0,91.91221522949962,1.8261631774063731,66.40647556777368,100.0,53.3108422846898,100.0,80.54748751849179,100.0,0,1,1,1,1,1,1,1,1,Mid. East & N. Africa
QAT,Qatar,Mid. East & N. Africa,High income,2020,100.0,100.0,2.3937220721029373,74.49426033827406,100.0,53.646579071028114,100.0,88.63527228899217,100.0,0,0,0,0,1,0,0,1,1,Mid. East & N. Africa
SAU,Saudi Arabia,Mid. East & N. Africa,High income,2016,100.0,97.03049106980157,2.2207486567884067,71.52475140807563,100.0,53.039641193864675,100.0,85.66576335879374,100.0,0,0,0,1,1,1,1,1,1,Mid. East & N. Africa
SYR,Syrian Arab Republic,Mid. East & N. Africa,Low income,2016,72.5,53.05931997148828,1.76742519726625,27.55358030976234,78.56505963321422,15.260224367045808,90.85841557593075,27.55358030976234,78.56505963321422,0,1,1,1,1,0,0,0,1,Mid. East & N. Africa
TUN,Tunisia,Mid. East & N. Africa,Lower middle income,2020,80.0,68.86187300099483,0.7371079228014412,43.356133339268894,94.36761266272077,45.13544725547938,92.58829874651029,33.19323724532059,100.0,1,1,1,1,1,1,1,1,1,Mid. East & N. Africa
YEM,"Yemen, Rep.",Mid. East & N. Africa,Low income,2016,17.7,63.470495505381095,1.4894135846327745,37.964755843655155,88.97623516710703,29.468643467073193,97.472347543689,37.964755843655155,88.97623516710703,1,1,1,1,1,1,1,1,1,Mid. East & N. Africa
BMU,Bermuda,N. Amer.,High income,2019,100.0,100.0,2.824047787600111,73.91107675111176,100.0,49.74118134155171,100.0,80.5217019828278,100.0,0,0,0,0,0,0,0,0,1,N. Amer.
USA,United States,N. Amer.,High income,2005,100.0,94.27920081765471,2.5258042157388356,68.19027756876648,100.0,47.94014739928224,100.0,74.8009028004825,100.0,0,0,0,0,0,1,1,1,1,N. Amer.
AFG,Afghanistan,S. Asia,Low income,2017,59.2,30.01230890693595,1.9351371827136212,1.841962400297458,58.18265541357444,1.0844565932962702,58.94016122057563,1.841962400297458,58.18265541357444,0,0,1,1,1,1,1,1,1,S. Asia
BGD,Bangladesh,S. Asia,Lower middle income,2021,80.63,44.27839676740126,3.0725978000232677,16.10805026076277,72.44874327403976,4.1400657940575485,84.41672774074497,10.935206200113022,77.62158733468951,0,0,0,0,0,0,0,1,1,S. Asia
BTN,Bhutan,S. Asia,Lower middle income,2019,67.1738591103542,70.93116233843371,1.6925276488891365,42.76081583179521,99.1015088450722,44.39439852508251,97.46792615178491,37.58797177114547,100.0,1,1,1,1,1,1,1,1,1,S. Asia
IND,India,S. Asia,Lower middle income,2020,95.44,39.65592369635836,3.2839367736534766,11.485577189719866,67.82627020299685,0.0,81.8771496884755,6.312733129070118,72.99911426364659,0,0,0,0,0,0,0,0,0,S. Asia
LKA,Sri Lanka,S. Asia,Upper middle income,2021,47.35,57.934192549630126,2.6643940202064007,29.763846042991634,86.10453905626862,21.818998459276848,94.0493866399834,24.868268656235145,91.0001164430251,0,0,0,0,1,0,0,0,1,S. Asia
MDV,Maldives,S. Asia,Upper middle income,2016,79.0,76.66773537284341,2.4458376951259817,48.497388866204915,100.0,42.70656840305319,100.0,43.60181147944843,100.0,0,0,0,0,1,1,1,1,1,S. Asia
NPL,Nepal,S. Asia,Lower middle income,2013,62.3,42.70900852696937,2.2106564883275883,14.538662020330879,70.87935503360787,11.065718642200995,74.35229841173775,9.36581795968113,76.05219909425762,0,0,0,1,1,1,1,1,1,S. Asia
PAK,Pakistan,S. Asia,Lower middle income,2021,23.56,39.40092451054011,2.4583425039274815,11.230578003901616,67.5712710171786,5.316513808105796,73.48533521297442,6.057733943251868,72.74411507782835,0,0,0,0,1,0,1,1,1,S. Asia
AGO,Angola,Sub-Saharan Africa,Lower middle income,2011,23.1,70.01567533252738,1.3161665766530262,48.4764458137287,91.55490485132606,49.33168355542986,90.6996671096249,25.531365606763366,100.0,1,1,1,1,1,1,1,1,1,Sub-Saharan Africa
BFA,Burkina Faso,Sub-Saharan Africa,Low income,2007,9.1,34.29125951387863,2.892316665811773,12.752029995079951,55.830489032677306,0.0,69.05069638730474,12.752029995079951,55.830489032677306,0,0,0,0,0,1,1,1,1,Sub-Saharan Africa
BWA,Botswana,Sub-Saharan Africa,Upper middle income,2017,76.3148962655602,81.19781753757776,2.1854929532611584,59.658588018779085,100.0,52.75050691863761,100.0,56.44070013307642,100.0,0,1,1,1,1,0,0,1,1,Sub-Saharan Africa
CIV,Cote d'Ivoire,Sub-Saharan Africa,Lower middle income,2019,17.5,58.306194261266796,1.6228215587427712,36.76696474246812,79.84542378006547,34.88369084520245,81.72869767733114,13.821884535502782,100.0,1,1,1,1,1,1,1,1,1,Sub-Saharan Africa
CMR,Cameroon,Sub-Saharan Africa,Lower middle income,2009,61.6,54.13293369576037,1.8893493123055727,32.593704176961694,75.67216321455905,28.3302656064679,79.93560178505284,9.648623969996358,98.61724342152439,1,1,1,1,1,1,1,1,1,Sub-Saharan Africa
COG,"Congo, Rep.",Sub-Saharan Africa,Lower middle income,2012,43.106796116504896,70.05685614605953,1.52896028435192,48.51762662726085,91.59608566485821,47.47255920756801,92.64115308455105,25.572546420295517,100.0,1,1,1,1,1,1,1,1,1,Sub-Saharan Africa
COM,Comoros,Sub-Saharan Africa,Lower middle income,2018,38.3,50.6996854612034,2.3476431992284446,29.160455942404724,72.23891498000208,20.804329443435225,80.59504147897158,6.2153757354393875,95.18399518696742,0,0,1,1,1,0,0,0,0,Sub-Saharan Africa
CPV,Cabo Verde,Sub-Saharan Africa,Upper middle income,2019,82.1,75.50500667891534,1.386436852755835,53.96577716011666,97.04423619771401,54.19348239714573,96.81653096068494,50.74788927441399,100.0,1,1,1,1,1,1,1,1,1,Sub-Saharan Africa
ETH,Ethiopia,Sub-Saharan Africa,Low income,2022,40.0,37.255125316120306,2.9696424444568716,15.715895797321629,58.794354834918984,1.8051483987375505,72.70510223350306,15.715895797321629,58.794354834918984,0,0,0,0,0,0,0,0,1,Sub-Saharan Africa
GAB,Gabon,Sub-Saharan Africa,Upper middle income,2013,53.3,88.96168256657387,2.241533224639226,67.42245304777519,100.0,60.01391722038986,100.0,64.20456516207253,100.0,0,1,1,1,1,0,0,0,0,Sub-Saharan Africa
GHA,Ghana,Sub-Saharan Africa,Lower middle income,2021,33.4,61.1271383742464,1.6489666017473836,39.58790885544772,82.66636789304508,37.471152677602426,84.78312407089038,16.642828648482386,100.0,1,1,1,1,1,1,1,1,1,Sub-Saharan Africa
GIN,Guinea,Sub-Saharan Africa,Lower middle income,2018,9.7,47.74312738311194,2.0557334919880197,26.203897864313262,69.28235690191062,20.45460372579553,75.03165104042836,3.258817657347926,92.22743710887596,0,1,1,1,1,0,1,1,1,Sub-Saharan Africa
GMB,"Gambia, The",Sub-Saharan Africa,Low income,2013,32.6,51.914823094593494,2.6097430875722236,30.375593575794817,73.45405261339218,19.67884443339053,84.15080175579646,30.375593575794817,73.45405261339218,0,0,0,0,1,1,1,1,1,Sub-Saharan Africa
KEN,Kenya,Sub-Saharan Africa,Lower middle income,2021,68.2393855962904,50.65758621787671,2.0625369634851105,29.118356699078035,72.19681573667539,23.308305726436178,78.00686670931725,6.173276492112699,95.14189594364072,0,1,1,1,1,0,0,1,1,Sub-Saharan Africa
LSO,Lesotho,Sub-Saharan Africa,Lower middle income,2016,5.800000000000001,48.410054071587965,2.094046850567191,26.870824552789287,69.94928359038664,20.779381796036276,76.04072634713965,3.9257443458239507,92.89436379735199,0,1,1,1,1,0,0,1,1,Sub-Saharan Africa
MDG,Madagascar,Sub-Saharan Africa,Low income,2007,17.7,34.94803326593245,2.896769089226344,13.408803747133774,56.48726278473113,0.148835051407886,69.74723148045702,13.408803747133774,56.48726278473113,0,0,0,0,0,0,1,1,1,Sub-Saharan Africa
MLI,Mali,Sub-Saharan Africa,Low income,2009,20.0,39.843208694228096,2.61437597069294,18.30397917542942,61.382438213026774,7.565857138113735,72.12056025034246,18.30397917542942,61.382438213026774,0,0,0,0,1,1,1,1,1,Sub-Saharan Africa
MOZ,Mozambique,Sub-Saharan Africa,Low income,2017,25.0,34.23944920405749,3.0713539145680775,12.700219685258816,55.77867872285617,0.0,70.59773696256151,12.700219685258816,55.77867872285617,0,0,0,0,0,0,0,0,0,Sub-Saharan Africa
MUS,Mauritius,Sub-Saharan Africa,Upper middle income,2021,100.0,78.63568246833559,1.8562685041811564,57.09645294953691,100.0,53.128434911453155,100.0,53.878565063834245,100.0,1,1,1,1,1,0,1,1,1,Sub-Saharan Africa
MWI,Malawi,Sub-Saharan Africa,Low income,2018,3.62,31.281714892926836,3.2485812173975033,9.742485374128158,52.82094441172551,0.0,69.22269023156952,9.742485374128158,52.82094441172551,0,0,0,0,0,0,0,0,0,Sub-Saharan Africa
NAM,Namibia,Sub-Saharan Africa,Lower middle income,2016,39.900000000000006,70.41885035799442,2.295383880986005,48.87962083919574,91.9580798767931,40.99018413693565,99.84751657905318,25.9345406322304,100.0,0,0,1,1,1,0,0,0,0,Sub-Saharan Africa
NGA,Nigeria,Sub-Saharan Africa,Lower middle income,2021,20.0,61.42082365075332,2.283599507123426,39.88159413195464,82.960053169552,32.09739506438319,90.74425223712345,16.936513924989306,100.0,0,1,1,1,1,0,0,0,1,Sub-Saharan Africa
RWA,Rwanda,Sub-Saharan Africa,Low income,2019,12.1,40.97255880048792,2.943218609406069,19.43332928168924,62.511788319286595,5.758553851796627,76.18656374917921,19.43332928168924,62.511788319286595,0,0,0,0,0,0,0,1,1,Sub-Saharan Africa
SDN,Sudan,Sub-Saharan Africa,Low income,2018,33.0,47.04107146380919,2.2116892450688415,25.50184194501051,68.58030098260787,18.35982089866554,75.72232202895285,25.50184194501051,68.58030098260787,0,1,1,1,1,1,1,1,1,Sub-Saharan Africa
SEN,Senegal,Sub-Saharan Africa,Lower middle income,2015,54.0,50.863971270542784,2.037426763986164,29.324741751744106,72.40320078934147,23.73893162826778,77.98901091281779,6.37966154477877,95.3482809963068,0,1,1,1,1,0,1,1,1,Sub-Saharan Africa
SLE,Sierra Leone,Sub-Saharan Africa,Low income,2018,10.8,46.981825994770546,2.2989294246664382,25.442596475971868,68.52105551356922,17.5214971130592,76.4421548764819,25.442596475971868,68.52105551356922,0,0,1,1,1,1,1,1,1,Sub-Saharan Africa
STP,Sao Tome and Principe,Sub-Saharan Africa,Lower middle income,2021,38.0,69.1631884425659,2.016412042020019,47.62395892376722,90.70241796136457,42.225815931285354,96.10056095384644,24.678878716801883,100.0,0,1,1,1,1,1,1,1,1,Sub-Saharan Africa
SWZ,Eswatini,Sub-Saharan Africa,Lower middle income,2017,46.0,62.47688440673543,1.7174030886306169,40.93765488793675,84.01611392553411,38.209742437388584,86.74402637608227,17.992574680971416,100.0,1,1,1,1,1,1,1,1,1,Sub-Saharan Africa
SYC,Seychelles,Sub-Saharan Africa,High income,2017,90.0,87.99585583250983,2.1158953572625165,66.45662631371115,100.0,60.170070503612465,100.0,66.97162917717921,100.0,0,1,1,1,1,1,1,1,1,Sub-Saharan Africa
TZA,Tanzania,Sub-Saharan Africa,Lower middle income,2022,21.9,45.53273204933801,2.359586148595005,23.99350253053933,67.07196156813669,15.530722274891762,75.53474182378426,1.0484223235739947,90.01704177510203,0,0,1,1,1,0,0,0,0,Sub-Saharan Africa
ZAF,South Africa,Sub-Saharan Africa,Upper middle income,2023,68.60000000000001,72.4178827223357,1.206990008963633,50.87865320353703,93.95711224113438,52.708867119707634,92.12689832496378,47.66076531783436,97.17500012683705,1,1,1,1,1,1,1,1,1,Sub-Saharan Africa
ZMB,Zambia,Sub-Saharan Africa,Lower middle income,2016,6.3,49.68049875167607,2.1004088070802425,28.14126923287739,71.21972827047475,21.993012489803775,77.36798501354836,5.196189025912055,94.16480847744009,0,1,1,1,1,0,0,0,1,Sub-Saharan Africa
ZWE,Zimbabwe,Sub-Saharan Africa,Lower middle income,2021,79.3,52.726966038871396,1.7456032730917168,31.18773652007272,74.26619555767007,28.207988821841752,77.24594325590104,8.242656313107382,97.21127576463542,1,1,1,1,1,1,1,1,1,Sub-Saharan Africa
