n,retention,mae,bias,coverage,mean_width,group_type,group,interval_method,policy
29,0.6041666666666666,6.5278274114079995,-3.4987575321358624,1.0,41.962956781768675,income_group,High income,global,retain_equal_income_q60
29,0.6041666666666666,6.5278274114079995,-3.4987575321358624,1.0,45.28673149481526,income_group,High income,scaled,retain_equal_income_q60
29,0.6041666666666666,6.5278274114079995,-3.4987575321358624,0.8620689655172413,24.573453109194446,income_group,High income,income_mondrian,retain_equal_income_q60
8,0.6153846153846154,25.847301078207195,18.55037830494118,0.5,45.727865820289125,income_group,Low income,global,retain_equal_income_q60
8,0.6153846153846154,25.847301078207195,18.55037830494118,0.625,63.72729010607421,income_group,Low income,scaled,retain_equal_income_q60
8,0.6153846153846154,25.847301078207195,18.55037830494118,0.5,45.727865820289125,income_group,Low income,income_mondrian,retain_equal_income_q60
25,0.5952380952380952,18.005024532410495,4.024451757718476,0.68,55.320140966586294,income_group,Lower middle income,global,retain_equal_income_q60
25,0.5952380952380952,18.005024532410495,4.024451757718476,0.6,53.77308560503955,income_group,Lower middle income,scaled,retain_equal_income_q60
25,0.5952380952380952,18.005024532410495,4.024451757718476,0.92,79.8811223352882,income_group,Lower middle income,income_mondrian,retain_equal_income_q60
30,0.5882352941176471,11.562105787135417,-3.652943390085619,1.0,59.646597686457014,income_group,Upper middle income,global,retain_equal_income_q60
30,0.5882352941176471,11.562105787135417,-3.652943390085619,0.9,52.70371672883276,income_group,Upper middle income,scaled,retain_equal_income_q60
30,0.5882352941176471,11.562105787135417,-3.652943390085619,0.9,48.674133548884114,income_group,Upper middle income,income_mondrian,retain_equal_income_q60
