n,retention,mae,bias,coverage,mean_width,interval_method,policy
154,1.0,13.710781331431457,-0.8088998720481392,0.8506493506493507,51.081397475581895,global,all
69,0.44805194805194803,12.253247598361849,-1.8699343287121115,0.8985507246376812,54.5167994159655,global,retain_global_q50
88,0.5714285714285714,13.524158494764333,0.33448572588260395,0.8522727272727273,52.11248492194268,global,retain_global_q60
100,0.6493506493506493,14.000929084219626,0.33133970721580686,0.83,51.21010574248858,global,retain_global_q70
105,0.6818181818181818,13.797366590996607,-0.05366389349838556,0.8380952380952381,51.01336600157965,global,retain_global_q80
117,0.7597402597402597,13.584379791363318,0.3533353370286965,0.8547008547008547,51.14885899453447,global,retain_global_q90
76,0.4935064935064935,13.341850724230264,0.9840975706332621,0.8552631578947368,52.09452035544573,global,retain_equal_income_q50
92,0.5974025974025974,12.96819772261755,0.4126309809563345,0.8695652173913043,51.68641443469533,global,retain_equal_income_q60
109,0.7077922077922078,13.26820301441973,-0.10887166893099959,0.8623853211009175,51.44347232804944,global,retain_equal_income_q70
125,0.8116883116883117,13.20921615490145,-0.06457905872036764,0.864,51.05622998077323,global,retain_equal_income_q80
154,1.0,13.710781331431457,-0.8088998720481392,0.8571428571428571,56.71491691317267,scaled,all
69,0.44805194805194803,12.253247598361849,-1.8699343287121115,0.8260869565217391,48.95046970982658,scaled,retain_global_q50
88,0.5714285714285714,13.524158494764333,0.33448572588260395,0.7954545454545454,49.99031905655706,scaled,retain_global_q60
100,0.6493506493506493,14.000929084219626,0.33133970721580686,0.79,50.721582471602396,scaled,retain_global_q70
105,0.6818181818181818,13.797366590996607,-0.05366389349838556,0.8,51.06659080742247,scaled,retain_global_q80
117,0.7597402597402597,13.584379791363318,0.3533353370286965,0.8205128205128205,52.42344425139486,scaled,retain_global_q90
76,0.4935064935064935,13.341850724230264,0.9840975706332621,0.8026315789473685,50.63926456646111,scaled,retain_equal_income_q50
92,0.5974025974025974,12.96819772261755,0.4126309809563345,0.8260869565217391,51.61491495857834,scaled,retain_equal_income_q60
109,0.7077922077922078,13.26820301441973,-0.10887166893099959,0.8440366972477065,52.95573994700395,scaled,retain_equal_income_q70
125,0.8116883116883117,13.20921615490145,-0.06457905872036764,0.848,54.308628529300826,scaled,retain_equal_income_q80
154,1.0,13.710781331431457,-0.8088998720481392,0.8181818181818182,48.80333346690254,income_mondrian,all
69,0.44805194805194803,12.253247598361849,-1.8699343287121115,0.8985507246376812,54.95924727935746,income_mondrian,retain_global_q50
88,0.5714285714285714,13.524158494764333,0.33448572588260395,0.9090909090909091,55.51242916150658,income_mondrian,retain_global_q60
100,0.6493506493506493,14.000929084219626,0.33133970721580686,0.88,54.49252470339966,income_mondrian,retain_global_q70
105,0.6818181818181818,13.797366590996607,-0.05366389349838556,0.8761904761904762,53.57398171304453,income_mondrian,retain_global_q80
117,0.7597402597402597,13.584379791363318,0.3533353370286965,0.8803418803418803,52.50112177367093,income_mondrian,retain_global_q90
76,0.4935064935064935,13.341850724230264,0.9840975706332621,0.8552631578947368,49.34114739197569,income_mondrian,retain_equal_income_q50
92,0.5974025974025974,12.96819772261755,0.4126309809563345,0.8586956521739131,49.30114273454001,income_mondrian,retain_equal_income_q60
109,0.7077922077922078,13.26820301441973,-0.10887166893099959,0.8532110091743119,49.696534812926075,income_mondrian,retain_equal_income_q70
125,0.8116883116883117,13.20921615490145,-0.06457905872036764,0.856,49.02806133576347,income_mondrian,retain_equal_income_q80
