n,mae,rmse,r2,bias,case,model,low_n,low_mae,low_bias
154,13.981872987542106,18.913203517654964,0.5625520466303008,-0.32655066095802554,all,linear,13,25.466207351326837,17.701214390261097
154,14.307279887610008,18.942873975831485,0.5611784599776282,0.3143192678708364,all,random_forest,13,24.79467171932733,18.053219553423762
154,14.180236889656232,19.229162739222836,0.5478141717716776,-0.04659143977857245,all,ridge,13,27.030911456521515,19.341431273631397
131,13.422023860215026,18.78947552610104,0.5349856589623048,-0.7762974626589412,since_2015,linear,9,26.121660930278804,15.700872780643714
131,13.974127984802115,18.811466171609357,0.5338965439841475,-0.028661081799029268,since_2015,random_forest,9,27.563552308082656,17.22874573003918
131,13.34411937823732,18.66751331019305,0.5410028693864126,-0.7073168940588648,since_2015,ridge,9,25.67647600011676,15.929053322553948
103,13.569602987827983,18.611209350186822,0.5228783186893228,-1.2492799334111262,since_2018,linear,5,24.953880921365393,24.953880921365393
103,14.16845673470283,19.254475792620287,0.4893264526779991,-1.555827117003809,since_2018,random_forest,5,19.056046584403948,17.745924579497743
103,13.474958118839814,18.47453315597299,0.5298603182843697,-1.1791991646258104,since_2018,ridge,5,24.98653908570817,24.98653908570817
80,12.323350412701785,16.664075869603796,0.5073681491925778,-1.8095057674759587,since_2020,linear,1,0.2454317637025909,-0.2454317637025909
80,13.981168406912778,18.569842790498733,0.3882464853453972,-1.816338020172563,since_2020,random_forest,1,0.08909511082986654,-0.08909511082986654
80,12.530676072040041,16.785224161906548,0.5001792176211394,-1.9958980397013204,since_2020,ridge,1,0.16979237994095797,0.16979237994095797
87,12.701287345548689,17.68454376759422,0.48981463407284787,-1.6304652799856907,msw_weight_only,linear,7,19.17656445845015,7.881403004652989
87,13.082243463720898,17.551082318105262,0.49748609551907974,-0.41206244155872246,msw_weight_only,random_forest,7,23.005194750060163,13.57554156443095
87,12.60633209665949,17.52732811536084,0.498845412182909,-1.3359843247390155,msw_weight_only,ridge,7,19.142458682731533,7.943938828811672
51,12.051804139853566,16.97211314489335,0.5575826336715444,-1.170403819519388,population_only,linear,2,34.26978714504454,34.26978714504454
51,11.587546504316396,18.421713535950904,0.47878083203973854,2.5398950166070606,population_only,random_forest,2,55.9223954707368,55.9223954707368
51,12.608410905934498,18.277757568697847,0.48689510861997276,-0.4468146269412909,population_only,ridge,2,41.44680046740999,41.44680046740999
