n,mae,rmse,r2,bias,group,model,group_type
30,23.02630621998959,26.819920147153095,-0.010919207417828147,-2.7873712372069024,E. Asia & Pacific,dummy_mean,region
30,24.4623677623619,26.006136727340223,-1.4202168715330736,-19.921683369619043,Eur. & Cent. Asia,dummy_mean,region
34,19.252290513968063,21.38670332095478,-0.44717666327280026,-11.88837881396582,L. Amer. & the Caribbean,dummy_mean,region
17,22.58250222477188,25.840839929270455,-0.46127042122612516,-14.518412529192904,Mid. East & N. Africa,dummy_mean,region
2,28.78962181907518,28.78962181907518,,-28.78962181907518,N. Amer.,dummy_mean,region
8,17.431184776257464,22.09621520273206,-0.1361848677135704,7.649936271412688,S. Asia,dummy_mean,region
33,43.57605622682666,49.412547659658536,-2.4853751029468203,41.726163522878075,Sub-Saharan Africa,dummy_mean,region
48,26.087937636550052,27.230141750793663,-6.322402374597921,-25.139587648986247,High income,dummy_mean,income_group
13,51.455197687925754,55.7151009919333,-7.201247676635354,51.067749606511455,Low income,dummy_mean,income_group
42,30.440744209863617,37.21838043522433,-1.0437710695444364,23.472816060763044,Lower middle income,dummy_mean,income_group
51,17.61822311349728,20.18746866729011,-0.2945262178260053,-7.740092164178923,Upper middle income,dummy_mean,income_group
30,10.199131067161776,14.341355171580686,0.7109440787492196,-3.229206777244151,E. Asia & Pacific,hist_gbr,region
30,12.248997813298427,15.415527563019882,0.14960757051229223,-11.969164138071166,Eur. & Cent. Asia,hist_gbr,region
34,11.63607145067972,14.302783203242225,0.35274565810993763,-1.6636709126449691,L. Amer. & the Caribbean,hist_gbr,region
17,13.801395414752392,21.6466705095013,-0.025414737976613422,-2.0311657405164585,Mid. East & N. Africa,hist_gbr,region
2,0.9551436940735627,1.3507771661739707,,-0.9551436940735627,N. Amer.,hist_gbr,region
8,24.0704429680854,27.239158880319742,-0.7266352560985987,-7.065106185815253,S. Asia,hist_gbr,region
33,23.815683657586167,27.457008849751542,-0.07617148252060346,18.697969323839907,Sub-Saharan Africa,hist_gbr,region
48,8.0549660759812,11.858679976254045,-0.38875771380117397,-2.8703150034996923,High income,hist_gbr,income_group
13,26.74353736375596,31.223579790122123,-1.575724865927186,20.73658987850816,Low income,hist_gbr,income_group
42,20.819723456449054,24.747640597221416,0.09638193194128863,1.5832368891377953,Lower middle income,hist_gbr,income_group
51,13.242209158315603,16.50404559096384,0.13477721316349578,-3.6615765267162512,Upper middle income,hist_gbr,income_group
30,10.003030676174632,14.559246869847692,0.7020939607557497,-2.966923092278352,E. Asia & Pacific,linear,region
30,8.597539260671168,12.04799282871272,0.4805640523219086,-6.945124579700475,Eur. & Cent. Asia,linear,region
34,12.114516633991023,14.325179246654463,0.3507170619437354,-5.882763060899019,L. Amer. & the Caribbean,linear,region
17,12.498944168023685,18.383017594686322,0.26047825677471603,-5.5152924361642235,Mid. East & N. Africa,linear,region
2,2.8071936431662934,3.969971322373311,,-2.8071936431662934,N. Amer.,linear,region
8,21.315440614648523,26.83798469342801,-0.6761505370864973,-12.871106133051313,S. Asia,linear,region
33,24.081145859408856,27.992231528685007,-0.11853628057224563,19.679690309331228,Sub-Saharan Africa,linear,region
48,6.460379317391663,9.99958092658078,0.01254483699041542,-3.977930813565651,High income,linear,income_group
13,25.466207351326837,27.896685269280486,-1.056076593436854,17.701214390261097,Low income,linear,income_group
42,20.148214605776904,25.690299727243925,0.02623166510739705,4.479444015312148,Lower middle income,linear,income_group
51,13.055382820329521,15.624930322002898,0.22449732896971375,-5.443148204958609,Upper middle income,linear,income_group
30,10.37483521557724,14.513145978048401,0.7039775733799523,-2.8895728951618027,E. Asia & Pacific,random_forest,region
30,12.054819328905804,15.10778003188857,0.1832222343035783,-11.3966715489105,Eur. & Cent. Asia,random_forest,region
34,10.72601266852327,13.576972655341358,0.41677014439823823,-1.1502373550471512,L. Amer. & the Caribbean,random_forest,region
17,11.196680836337176,17.315309457688524,0.3438881870830802,-2.52832536674925,Mid. East & N. Africa,random_forest,region
2,2.5657487771987704,2.955144559325985,,-2.5657487771987704,N. Amer.,random_forest,region
8,21.98700513257376,25.14461841552539,-0.4713070551495875,-6.667088990248631,S. Asia,random_forest,region
33,24.07199766045272,27.881853862422936,-0.10973255154635919,18.713645798697133,Sub-Saharan Africa,random_forest,region
48,7.382675257767144,10.87605471660368,-0.1681444597847188,-2.7667683414557467,High income,random_forest,income_group
13,24.794671719327333,28.162600384778703,-1.0954610328049785,18.053219553423766,Low income,random_forest,income_group
42,20.1985683237747,24.82195056267239,0.09094718030505777,3.625650031023638,Lower middle income,random_forest,income_group
51,13.299648791555414,16.20590878409216,0.16575444837780695,-4.034492310892483,Upper middle income,random_forest,income_group
30,9.942625861289338,14.512506053612258,0.7040036776868255,-2.874842151611523,E. Asia & Pacific,ridge,region
30,8.604896214185343,12.053963077316858,0.4800491233775215,-6.953420954739754,Eur. & Cent. Asia,ridge,region
34,12.129446481178219,14.36316971255392,0.3472686905369552,-5.920416394297043,L. Amer. & the Caribbean,ridge,region
17,12.4456933608895,18.28425406894929,0.2684031336460392,-5.476060064675883,Mid. East & N. Africa,ridge,region
2,2.815948747426141,3.982352909557578,,-2.815948747426141,N. Amer.,ridge,region
8,21.206732327840708,26.755508237806865,-0.6658643298254707,-12.822639528641247,S. Asia,ridge,region
33,25.092942276668506,29.029601910949765,-0.20297663619512263,20.9173637483094,Sub-Saharan Africa,ridge,region
48,6.483532379925658,10.016835609493647,0.009134108895154536,-4.031072184979762,High income,ridge,income_group
13,27.030911456521515,29.218440483943958,-1.2555276096471664,19.341431273631397,Low income,ridge,income_group
42,20.39532091594494,26.102257000124762,-0.005248487607510732,5.0400610259223315,Lower middle income,ridge,income_group
51,13.030227438552176,15.600954633375709,0.22687544458403164,-5.427544833192499,Upper middle income,ridge,income_group
