n,mae,rmse,r2,bias,definition,model
155,22.896696981925157,29.665499143672566,0.35618875053444066,-2.602988630646542,permissive,linear
155,22.90619089385669,29.668306979711875,0.3560668714472167,-2.607060847825488,permissive,ridge
155,24.633231671454165,31.808837272725782,0.2597970193490824,-2.2766451050683383,permissive,random_forest
155,26.10640726741661,33.09711622333921,0.1986254410504309,-3.828677902319065,permissive,hist_gbr
155,35.833101483528765,40.248899387494845,-0.18512254206763945,-2.3901109890735914,permissive,dummy_mean
155,31.39240627604879,37.229716098681635,0.1585054099127544,-3.1680989295241555,strict,linear
155,32.023627242941764,37.88703063219638,0.12852884359978356,-3.7429054866510754,strict,ridge
155,34.376995150687556,41.809555430762686,-0.06126289113495864,-5.647550337112958,strict,random_forest
155,35.4132923314186,43.131769347619944,-0.12944848596327696,-5.238928397543959,strict,hist_gbr
155,39.762087751726895,44.32232857362706,-0.192660997904194,-2.897577328222127,strict,dummy_mean
