path,bytes,sha256
checkpoints\01_fetch_data.done.json,70,a68b2fb18e080ee85aeb8a0775121f7f9096787709f567dcc1fef6512061763a
checkpoints\02_build_cohorts.done.json,100,6bd32b73c77edf8ea0df8482a08aa8b47478de68353ef59fed9b3df83a94497a
checkpoints\03_primary_models.done.json,189,f84b8c6e5c4ea9685accdf3c0d9901a28a843c02376863eb60727d60799a27ff
checkpoints\04_conformal_selective.done.json,103,e0362810575e6c590541aa2b4d42516a0bf51162131a2659fe6b125d2715a222
checkpoints\05_robustness.done.json,68,6f3287864101be99a8f22a0c1b5dc0279a1e45025b33dcb2a487b0b94f13c70e
checkpoints\06_secondary_endpoint.done.json,142,0d45875ed206091722d0d8455670eb918fdb854fe3c61ea8b8ccd86550c87b45
checkpoints\07_figures_tables.done.json,84,0a0a187adf099b92fdd8be77d17fde163d09c97f577fba3a519ea47f4307f8bd
checkpoints\08_verify_reproducibility.done.json,115,3224432356a7f63a1aefdc744dae4cbbf43044972e6574010cd3197524d3debc
checkpoints\09_statistical_audit.done.json,251,6ab693a010f3493fe10320fc7021116168c3c75eb6fdd3492411f2d2f0d021f2
checkpoints\10_phaseB2_verify.done.json,81,cd5d6b401af588d09dec2452f187d2ef81abcb3eb06a175f3652de98d73eb064
cmd\00_SETUP_ENV.cmd,843,fce9cb1db5934121e7017f91ca9ba3fba929755ffb402daaf03796ecccb492f1
cmd\01_FETCH_FREEZE_DATA.cmd,679,4c593f8385a940d1c8a5cf310c84c083815d451b7a904d986ab2070711c2f0c3
cmd\02_BUILD_COHORTS.cmd,658,cacdc1cd43c41f5c7663e5efe7d72bed0d74725695598b2758f5df690e7f2fc5
cmd\03_PRIMARY_MODELS.cmd,665,f7a58a6975b3d9e6d132ccd4413c22c861ae35ada7f0d7cf3f9bac845b7aa339
cmd\04_CONFORMAL_SELECTIVE.cmd,700,5a555844dfe9b9aa0718b052233ed44f9176236a4f5a28cf028f2b742ad13007
cmd\05_ROBUSTNESS.cmd,637,e0004a1c997452ab290ab2bb1c5460e0e43aadfcc5df7308f3a7ded3ba0f2206
cmd\06_SECONDARY_ENDPOINT.cmd,693,4e84b45c5c0b1029635cea26266d87d8acf02fcacb4c5bd06cac84005df323a3
cmd\07_FIGURES_TABLES.cmd,665,724163d53e24aced6ac5c0b41f8877899bc08d180632ec7c1c701975745805a5
cmd\08_VERIFY_REPRODUCIBILITY.cmd,721,a9065dc4cdd130113c4efade3976932e2cf5ba743a8148205bbd97785d089a07
cmd\09_STATISTICAL_AUDIT.cmd,559,43f767cee3fba4f38828ef418c59785c4efc9e079407c6dbc696d547ae0f2fca
cmd\10_PHASE_B2_VERIFY.cmd,550,68776fb44e02b26cb669896240eed6cd1bc7f2b31aaa0187ee4878659c7b8a1f
cmd\RUN_ALL.cmd,874,4d55d726aaaa2b8e1517899fd2e53cf1542ff9eb3832f7b46cd17f31a8b8c179
cmd\RUN_FROM_PHASE_03.cmd,281,10a2dcde3ccee3c6fa2281decd351369a30052db243daee4d8697ff5f3a1182e
cmd\RUN_PHASE_B2.cmd,541,296b766835c96158d6a516838ef6935f8493a6f7b3daa6eb7d0e30685fdc20c8
data\processed\primary_collection_cohort.csv,78196,0f9f75ba0e994d3dc8c6f63a3748dd27e6cbe6828bd5bbc79910742ed400f08b
data\processed\secondary_treatment_cohort.csv,37381,3f77f216a58caa6af8f29ec1b8498a2b86786d69c840e6750e37cca8f85186c9
data\raw\source_manifest.json,367,0156a9425e4b7a86d9499b8af1c8dcec2e05f3d0a595d9b0d7213dd3083dffbc
data\raw\WDI_gdp_ppp_pc.csv,166981,b79f636650a2cf9548df26a07f078a61c54b03c86bd837fcc27bbcfd703330d4
data\raw\WDI_pop_density.csv,162891,b21b2a5d0708098c1cc43c8f165a1c100cc59fb1a8cde07642dad4235d49bc2e
data\raw\WDI_population.csv,124653,a7a1f426761c705bf720a8e295bf645910a1f4fd6708de1c290150706bc076ae
data\raw\WDI_urban_pct.csv,178470,ab639dda70f49b8befc3b9dfa8512e5cd8bfb3f8bbfd37a4ef2b1845e2ebeb58
data\raw\WM_COL_COV.csv,344838,8871b11618a69c30d217ec81885d1332ea7c680525ba6b4c0907d3a52118fb8c
data\raw\WM_MSW_TREAT.csv,575520,c803e9ed60c8c8a252955fe274accfde43f0b1c874ed324bb708ddd754febe7e
data\raw\world_bank_country_metadata.csv,17111,16b091333084929d05272c63965177855bea8f772b2b45fb9a540698a7e9928e
DECISION_LOG_LOCAL.md,922,a0692556489f5fe48ac65e8b95fefe57ed55946804b20c8db8adfddcd9771787
logs\01_FETCH_FREEZE_DATA.log,499,0ef2fe132cfc7be41b48efd05dde833e8dd92aa54bf8df3ce167124c9e95a094
logs\02_BUILD_COHORTS.log,52,5f8d9c694655f76051bb8b41aa3f6c21c128c3b72fbf8038c73057103f95f63f
logs\03_PRIMARY_MODELS.log,373,4967bedd8f48f36fdafda6f690430885449314d8258b276f0b53301fe74ce63f
logs\04_CONFORMAL_SELECTIVE.log,3057,9e896785df6febcb0dbf9311a6ba96b4460add8d3350c0643f81b1d51b4083c2
logs\05_ROBUSTNESS.log,2130,0a4e1ef58f635e97ffa5f5faa9420d728e0a2cbf50662c6f0a5b45cacbd907cc
logs\06_SECONDARY_ENDPOINT.log,789,936c17097b47dda1fcc52e260cc0ede086c1adf1cb30aef660de77aea9abc832
logs\07_FIGURES_TABLES.log,51,fcd12c25f093d270be66ccbd950d7f8a30b443a41f52fec77ea84470b508100b
logs\08_VERIFY_REPRODUCIBILITY.log,305,f9c1b16c0b9307e65dbb32b12febe38a1b715caea5c994f8b4e33516eeff134d
logs\09_STATISTICAL_AUDIT.log,185,1a92a5ffa898655845092a9ab8e5187fe2a64704ac75d226d6eb6ccec833b62c
logs\10_PHASE_B2_VERIFY.log,0,e3b0c44298fc1c149afbf4c8996fb92427ae41e4649b934ca495991b7852b855
outputs\figures\fig01_target_distribution.pdf,15425,822978ebc8e921cb062bffd1269e9ee4cb908a8d27a0d2a4cd238783c38de1bc
outputs\figures\fig01_target_distribution.png,65668,db9571097c65fbc191747aa82846fb543c75fe2415666c2bcfa63afcf10ccba7
outputs\figures\fig02_model_mae.pdf,13525,09c2c6605f89d180e7b55a09edb958a9439f7006b0e98b88592809db8d2cb15b
outputs\figures\fig02_model_mae.png,107261,67897fd2a103ef4ad4c41650feffdf621d98651d582864ec6ee553426e477352
outputs\figures\fig03_income_mae.pdf,12505,e73fe878b291e5e3c8b8d639d71166e2f7b8f652478771cf043adcbda875989a
outputs\figures\fig03_income_mae.png,104927,c347adefa13c57150523928a9684c057dc7853dc5fe52529472d9062479d664c
outputs\figures\fig04_income_bias.pdf,12582,6b0b32135d1da90f44b60c7de944cf93b2b9f1e9680af1ee754c9d3d7e02bace
outputs\figures\fig04_income_bias.png,113506,cf1a7cd5509e10c9c7d5c7cbec9bc472d5a32eba8f3a3414a982e6a3a9df4fea
outputs\figures\fig05_region_mae.pdf,14700,c92f5b5d142f54f731d0842b76edc357a657e5e882f54ca8500034b2aedf3ddf
outputs\figures\fig05_region_mae.png,139766,345b6842f9e5d9068d38ef8e21b4852cedcf4f50ddd97f0cbfeeace22757d8f1
outputs\figures\fig06_risk_coverage.pdf,13538,af7006b49938659a2951fc8a1db09511bdfb7766780c3a2003a1a7dc9fb35a87
outputs\figures\fig06_risk_coverage.png,106572,d117bfb9c439247ea27225e3823bdd6c4ea9599dd789a6649682c77be19a19b3
outputs\figures\fig07_interval_coverage.pdf,13076,d1c9e7f350b44360e1423f2ae7675b878b20b1068589533efc06c8803984505e
outputs\figures\fig07_interval_coverage.png,96855,d920352d6f9d992af71d6e5d0cdb061e0ee84c2f65da5c3219847b0649339229
outputs\figures\fig08_income_mae_bootstrap_ci.pdf,14850,c8f5f876401a8a7a2d0cbdaf47c26c78af38dce557b84e165f2b22e8dcf86dfa
outputs\figures\fig08_income_mae_bootstrap_ci.png,116347,d20a76738891883b8599776090ee7120ed2a5049ca9faf44b2a11bccced3b94f
outputs\figures\fig09_conformal_coverage_income.pdf,13936,4dd548e6ebcde5ca703362f57d1b74ef04c6263394d6e2eb4cec6d2ae4f5c529
outputs\figures\fig09_conformal_coverage_income.png,113841,ebfd053f95a6256a5f42404336dc943fc4ed51ff17f2de43da0ec224184240e6
outputs\figures\fig10_ood_vs_error.pdf,15562,4332525a15f8d80b506b20c7c2707dd954fcec37f22caf7781691aad323fdb26
outputs\figures\fig10_ood_vs_error.png,179958,52ed2917d6f72817352cee9aa1d434a74c1fafbc0020df30c5be2c34dd743d10
outputs\figures\fig11_measurement_unit_mae.pdf,14707,7d1ba901550f6c9bf6cf8c82217dee69e9b74a298a3494d38deeacc2b42bdf76
outputs\figures\fig11_measurement_unit_mae.png,69374,a7196b8d56cb05d1a825f33826934a8fa9b84f2a212516b2eb0e9550d546aeb2
outputs\figures\fig12_linear_coefficient_stability.pdf,12537,66c17f731040a2320c3c88f4375459e7f007565092775219a5f18d9202080d8e
outputs\figures\fig12_linear_coefficient_stability.png,104309,0bfee47cb1881ad4196fa449f6c6fbbb2a19f8683dd2f052592c505ea38a22fe
outputs\figures\fig13_low_income_robustness.pdf,13433,186eb2df561274a215b8653203d09dd3b26bb7fe47dcbcdd2c0585fb2c1ea9cf
outputs\figures\fig13_low_income_robustness.png,92368,4264f5661eed8a3b219fcf8427c1fb5a07f06030a80c26f5ba13f923f4003f30
outputs\results\primary_conformal_predictions.csv,34923,d145a5dcd7f936936a61a6721251605b177f102b64a58bf2721881cb6abc5818
outputs\results\primary_logo_predictions.csv,104247,cb7d873b4e1f44720755f559b0a13e3464c524b63d52f466af98aecd1b6206ad
outputs\results\primary_tuning_log.csv,2526,fe782c77992b1f6c501bd9ba5d1f80f67ac10152cff3502a30a9c5549b61832e
outputs\results\secondary_logo_predictions.csv,218068,a9c622c2ba7de65857058c6d240b570fb89dfd164760135b1f66b26d9207b7a9
outputs\tables\conformal_income_audit.csv,1850,41d31b6e402bfe8140ebd74fb05ecdb4403520bd47db2022af0701cd139042c3
outputs\tables\conformal_selective_summary.csv,3779,ed156bd7e83e84c95af9d5cb36a3403db77be78c46b4d1d5221e14eceac6dba4
outputs\tables\phaseB2_conformal_coverage_audit.csv,6523,8640143fe237bcedda65fc1d3e881e3dad5756397bc60b042d2ec58df1580aa1
outputs\tables\phaseB2_income_by_measurement_unit.csv,164,c4c59d2d8b66e1fbf375bfd5507521d7914ad87ee0d0b05b1615a646a0946e99
outputs\tables\phaseB2_income_metric_ci.csv,696,eff7ec92fe2b2bd0e962ac1b3524ecd419635c8edd2117957ff348019b4d22c5
outputs\tables\phaseB2_linear_coefficient_stability.csv,1795,04440b12ad0d5ac8beab99826af981b1a0badad785187bafc9749da35460679f
outputs\tables\phaseB2_linear_coefficient_summary.csv,386,8b6d553d122ff747e72456709f177d70460a46c83c3ff72fc4e8606b307c8aa1
outputs\tables\phaseB2_low_high_contrasts.csv,291,3edcad2981d6ff4ec120f62405babe2d6b65f42b99b5d7acd4b4a9087f9df7c8
outputs\tables\phaseB2_measurement_unit_ci.csv,468,fc287b7ae3dca204152bc813d59be96e0bd16bcf728c3ad0e6a995ffc164d8e7
outputs\tables\phaseB2_measurement_unit_contrasts.csv,408,ef9e9fdff6cd0f41b27644875efdc48cda70a6e1eb1d554dd707763998d27f97
outputs\tables\phaseB2_ood_error_audit.csv,2411,09e6dd274b2b6c983a5043e221c0e31470472fe5ece43df2eb3d9d64ef8b514f
outputs\tables\phaseB2_primary_overall_ci.csv,320,1c19da26264576c397455dbbf510e001304c1917a5559ed2790a8f8eb61219be
outputs\tables\phaseB2_recency_error_association.csv,104,820e78e331af0bbbf79fcc1006b799a03c0bcc7f3c659f928cf59db9222bb0c2
outputs\tables\phaseB2_selective_policy_fairness.csv,45894,fb0341d4361d4745be8e3e1f4efa9ad5fcf082071ecb75d4ed82a2cccfbe2f54
outputs\tables\primary_cohort_audit.json,869,c037a68839f07c40977f30df5735a5eae4d8e376af092bf9b322464377e552a2
outputs\tables\primary_model_summary.csv,483,94a21d3d217d70f9fec8605771cec83506723c811dc4f8e430a8ea36c3e6fecf
outputs\tables\primary_robustness_summary.csv,2596,057494f4118916a40160bf65fc857ec073c42d588f927d41186edddffba682dd
outputs\tables\primary_subgroup_metrics.csv,6280,f6185b58a69e3eb0e4365404ca8eeab5958bf84d278126fef0371750ca65d879
outputs\tables\secondary_ambiguity_summary.csv,117,ff52977cf71990017b8f4eeb68c681c96b11fad3b4270da4ccc6459b46a42f13
outputs\tables\secondary_cohort_audit.json,213,e4b9a0b8b8bd337b532102d5dc7b1f5b3aaddeabd2f4507e863fb5e69ecebe4e
outputs\tables\secondary_model_summary.csv,1035,9b8053de4df8b1b26ed448752cb0354cc342ac41b768bc0c455e9a30ef4fc2c0
outputs.zip,786054,0eaf2f7218eee1519010cf180a5c82d014859bc0f4b0662ca5bd5ac410900bdd
PACKAGE_BUILD_CHECK.json,331,72b88a76f160ca59597dab7a63b508bd246f50fd2885b0b51e7848a0c7161f5a
PATCH_BUILD_CHECK.json,69,01f60e968687ca302cea6bd67b3c3832f7fb5e5e038d9ac148867cf98b9d2133
README_FIRST.md,4883,2a19f3e9edbc99b193d2f8eb700980255e1631f7c996010adbf0670fc69101f8
README_PHASE_B2.md,1737,28f8a438f63c936f3a6c91c25ba18573e9804e07a717806996d6e2f1544324d7
reproducibility\checksums.sha256,9250,6801d3b361236a8649a6947565c2820957244bc5748b301aca5cf63f21d1c52b
reproducibility\checksums_phaseB2.sha256,14037,d670d5efec09dc93d226ebe81f6387be9f068306107be639f6543f4096679cfe
reproducibility\environment.json,284,b56da5e6791f8fb79a2aba3d6e35d2682962614a28257d39603b0d8736b01a46
reproducibility\file_manifest.csv,9629,179cab1ba257b680da4e4667eff4383f12409f3c7ed01fe71a3d4050301d7cda
reproducibility\file_manifest_phaseB2.csv,14595,17f849e3bcc7bb39d553916daed5317b328e6721c1b45dc74e23408285ecacc6
reproducibility\PHASE_B2_SCIENTIFIC_LOCK.md,2693,896b6ff2cd9cdf24662be40fb6449a42286e00be808559a2a4bc79134f3e64c9
reproducibility\PHASE_B2_VERIFICATION_REPORT.md,339,f16b099bf1511b715ab7519e56c03fce39cd608713d5ce89c8a97dbb8a65cca3
reproducibility\verification_report.md,284,cdc9d28b5fd2e5d0a8d2044b955c78cd471835cd7e777b068733dd4de0a49f10
reproducibility.zip,11037,ea179194bb077a5082eb62ecd4b3b30afdb4560f20310e71d4453a93f68c93fc
requirements.txt,127,5844076371a18c15befa980e8a2e1037f76f67191bbff168aa4ac338edb76da5
RUN_INSTRUCTIONS.txt,417,5aa814c199f9e109446c90f4fbeeaa9141d546b83380e978461da51f3822a7bf
scripts\01_fetch_data.py,3052,6ef3077418ee4ef7c4219a91b1cf616e4ff9374878cf81ca445b1e76f06bdd8a
scripts\02_build_cohorts.py,4788,61b8c08c82e4411fb85f58b796f32642f9052c75d8d41cfe0d18853b3c7b28d1
scripts\03_primary_models.py,1393,33106c01f3a137c834b2c7eb4823772c61fa4e01ee904c2b379c28560966969d
scripts\04_conformal_selective.py,6867,c4b28df42525862604b48aec6c932a4833a2b4f53f8a019bc3609f0f15642884
scripts\05_robustness.py,1870,686d56ec0a1c65e368969a712211a5a400e3f75ea05d780da1210f6e8aeabfe2
scripts\06_secondary_endpoint.py,1841,a4fa34d0e100c6c14e142b695bef6a5352a6262658c761f4d2cfb7bc9232fccc
scripts\07_figures_tables.py,3985,f3664b33c7f2c63605f3122fb3f9a606198274f5a9563d87f2353e22491aebd9
scripts\08_verify_reproducibility.py,2400,040ea599ab6a92f26ee30dd3e439a4f4461f0618b5d1a7ab9a00e7b6cc406b4c
scripts\09_statistical_audit.py,24374,5ba6c1bc154e279a18a8dbe7adb3442f2b797ac170a813f908678f142c65e2b2
scripts\10_phaseB2_verify.py,2416,cbdb8f1b2f8f967d67f95cb306c2cdd76b1941077589b895407cc93610daa574
scripts\__pycache__\01_fetch_data.cpython-313.pyc,5550,4d83c7a43e855ca9dd9167a29fe231ad9cb19e823f1c837ed554bcde0630f357
scripts\__pycache__\02_build_cohorts.cpython-313.pyc,7627,2e906317e912d808bac2871bbc0d229a71f08826b20304f9d2798d4fc8a5531b
scripts\__pycache__\03_primary_models.cpython-313.pyc,2193,8a2634f00062b5943eb41821621cd93211de52e19807d0cd9709fad988564276
scripts\__pycache__\04_conformal_selective.cpython-313.pyc,10706,a77fb4cffd52096c3348ff8b70b368028f7ebe38161549c16ef4a2a152a744a7
scripts\__pycache__\05_robustness.cpython-313.pyc,3445,b92bb3182837b3dad7dcb1daa64df44a5d445b2f307d9df6a8e671a3dee5e9b6
scripts\__pycache__\06_secondary_endpoint.cpython-313.pyc,3110,68152b184564cb61bfb763623cac61b38526608c288a9435721dd0bcdada28e9
scripts\__pycache__\07_figures_tables.cpython-313.pyc,7269,9e6eeaf508a5906181155e73dcec8aba4b3a37e7a6661d785d201fdf65f2518d
scripts\__pycache__\08_verify_reproducibility.cpython-313.pyc,4382,ed96eae976d1b44488c48247956d6ad43a395f52023c31c2833d1b7f10c511e6
scripts\__pycache__\09_statistical_audit.cpython-313.pyc,37911,503fad41b84c9ea1e94504201ed121ce9c1a4d4ef75df336d1b83b8cdd308ef5
scripts\__pycache__\10_phaseB2_verify.cpython-313.pyc,4173,3964062f4028e67d486af430e457e7c2268fce9223245fab702e243f8dde7f3c
scripts\__pycache__\common.cpython-313.pyc,6432,3614b091afcf07807f6e91229fae46ed0a5788f8ca3c4e4261b9dfc347bc067d
scripts\__pycache__\config.cpython-313.pyc,1913,0bfe765957cf60fbc473ec5491fe108be6643ac333b3f0e362bad30d940ff4bb
scripts\__pycache__\modeling.cpython-313.pyc,6010,f8d7339ac61fcd820a67fe37c5e143d90cfdb8fdbac3a5592f03389e42a4164d
scripts\common.py,3499,934773b0bac5fd7132de10b79fc0408822921559a95e7f6052e187a7d1e5af6b
scripts\config.py,1545,4ec441d4ae010de76f5ecc3d9ef64c91eccadf29dd55babecd990528e3662162
scripts\modeling.py,4605,3555128d937328e2bd49fe0616031eb5866e360f18cdf915530ce7596038268c
